Team,Season,Season.Type,GP,TOI,CF,CA,CF60,CA60,CF_Perc,CSh_Perc,CSv_Perc,FF,FA,FF60,FA60,FF_Perc,FSh_Perc,FSv_Perc,SF,SA,SF60,SA60,SF_Perc,Sh_Perc,Sv_Perc,xGF,xGA,xGF60,xGA60,xGF_Perc,SCF,SCA,SCF60,SCA60,SCF_Perc,xFSh_Perc,xFSv_Perc,Adj.FSv_Perc,PDO,xPDO,GF,GA,GF60,GA60,GF_Perc,FO_Perc,PENDIFF
ANA,20072008,Regular,83,569.5,729,94,76.8,9.9,88.58,6.86,93.62,584,80,61.53,8.43,87.95,8.56,92.5,420,61,44.25,6.43,87.32,11.9,90.16,53.07,5.07,5.59,0.53,91.28,199,20,20.97,2.11,90.87,9.09,93.67,-1.17,102.07,102.75,50,6,5.27,0.63,89.29,51.29,-38
ANA,20082009,Regular,82,498.65,823,83,99.03,9.99,90.84,7.9,92.77,661,69,79.53,8.3,90.55,9.83,91.3,477,52,57.39,6.26,90.17,13.63,88.46,67.37,4.82,8.11,0.58,93.32,293,16,35.26,1.93,94.82,10.19,93.01,-1.71,102.09,103.21,65,6,7.82,0.72,91.55,55.99,-29
ANA,20092010,Regular,83,504.4,770,108,91.59,12.85,87.7,6.62,92.59,609,93,72.44,11.06,86.75,8.37,91.4,437,76,51.98,9.04,85.19,11.67,89.47,60.88,6.7,7.24,0.8,90.09,241,20,28.67,2.38,92.34,10,92.8,-1.4,101.14,102.8,51,8,6.07,0.95,86.44,50.1,-49
ANA,20102011,Regular,82,463.57,730,95,94.48,12.3,88.48,8.08,94.74,585,80,75.72,10.35,87.97,10.09,93.75,427,55,55.27,7.12,88.59,13.82,90.91,55.47,4.91,7.18,0.64,91.87,235,20,30.42,2.59,92.16,9.48,93.87,-0.12,104.73,103.35,59,5,7.64,0.65,92.19,49.49,-47
ANA,20112012,Regular,82,460.08,718,84,93.64,10.95,89.53,5.85,98.81,539,71,70.29,9.26,88.36,7.79,98.59,382,48,49.82,6.26,88.84,10.99,97.92,53.48,5.4,6.97,0.7,90.84,206,20,26.86,2.61,91.15,9.92,92.4,6.19,108.91,102.32,42,1,5.48,0.13,97.67,51.88,-34
ANA,20122013,Regular,48,221.5,339,48,91.83,13,87.6,7.96,89.58,262,36,70.97,9.75,87.92,10.31,86.11,192,29,52.01,7.86,86.88,14.06,82.76,24.9,2.9,6.74,0.79,89.56,104,12,28.17,3.25,89.66,9.5,91.94,-5.83,96.82,101.44,27,5,7.31,1.35,84.38,51.07,-11
ANA,20132014,Regular,82,476.42,745,99,93.82,12.47,88.27,5.23,91.92,561,76,70.65,9.57,88.07,6.95,89.47,378,49,47.61,6.17,88.52,10.32,83.67,52.73,4.97,6.64,0.63,91.38,198,17,24.94,2.14,92.09,9.4,93.46,-3.98,93.99,102.86,39,8,4.91,1.01,82.98,52.71,-39
ANA,20142015,Regular,82,405.97,649,80,95.92,11.82,89.03,5.24,92.5,483,76,71.38,11.23,86.4,7.04,92.11,344,60,50.84,8.87,85.15,9.88,90,43.21,4.65,6.39,0.69,90.29,140,14,20.69,2.07,90.91,8.95,93.88,-1.78,99.88,102.83,34,6,5.03,0.89,85,50.66,-41
ANA,20152016,Regular,82,410.18,698,62,102.1,9.07,91.84,7.16,95.16,516,52,75.48,7.61,90.85,9.69,94.23,361,35,52.81,5.12,91.16,13.85,91.43,48.05,2.94,7.03,0.43,94.23,171,11,25.01,1.61,93.96,9.31,94.34,-0.11,105.28,103.65,50,3,7.31,0.44,94.34,58.97,-43
ANA,20162017,Regular,82,430.13,733,95,102.25,13.25,88.53,6.14,93.68,543,73,75.74,10.18,88.15,8.29,91.78,366,50,51.05,6.97,87.98,12.3,88,53.08,4.91,7.4,0.69,91.53,195,18,27.2,2.51,91.55,9.77,93.27,-1.49,100.3,103.05,45,6,6.28,0.84,88.24,62.81,-44
ARI,20072008,Regular,82,557.82,725,133,77.98,14.31,84.5,6.9,91.73,523,122,56.25,13.12,81.09,9.56,90.98,379,92,40.77,9.9,80.47,13.19,88.04,47.42,7.5,5.1,0.81,86.34,175,28,18.82,3.01,86.21,9.07,93.85,-2.87,101.24,102.92,50,11,5.38,1.18,81.97,51.98,-31
ARI,20082009,Regular,81,567.4,790,157,83.54,16.6,83.42,5.7,97.45,607,136,64.19,14.38,81.7,7.41,97.06,424,92,44.84,9.73,82.17,10.61,95.65,52.24,8.49,5.52,0.9,86.02,196,34,20.73,3.6,85.22,8.61,93.76,3.3,106.27,102.36,45,4,4.76,0.42,91.84,45.17,-29
ARI,20092010,Regular,82,550.11,707,104,77.11,11.34,87.18,6.08,93.27,536,88,58.46,9.6,85.9,8.02,92.05,380,68,41.45,7.42,84.82,11.32,89.71,50.29,7.23,5.49,0.79,87.43,196,23,21.38,2.51,89.5,9.38,91.78,0.26,101.02,101.17,43,7,4.69,0.76,86,52.53,-32
ARI,20102011,Regular,82,491.96,662,95,80.74,11.59,87.45,6.04,93.68,504,81,61.47,9.88,86.15,7.94,92.59,358,68,43.66,8.29,84.04,11.17,91.18,45.37,5.06,5.53,0.62,89.96,185,15,22.56,1.83,92.5,9,93.75,-1.16,102.35,102.75,40,6,4.88,0.73,86.96,50.2,-28
ARI,20112012,Regular,82,433.17,543,84,75.21,11.64,86.6,5.52,92.86,397,75,54.99,10.39,84.11,7.56,92,272,55,37.68,7.62,83.18,11.03,89.09,36.78,4.87,5.09,0.67,88.31,142,18,19.67,2.49,88.75,9.26,93.51,-1.51,100.12,102.77,30,6,4.16,0.83,83.33,51.67,-25
ARI,20122013,Regular,48,286.65,376,48,78.7,10.05,88.68,5.05,97.92,263,42,55.05,8.79,86.23,7.22,97.62,184,28,38.51,5.86,86.79,10.33,96.43,21.37,2.11,4.47,0.44,91.01,68,7,14.23,1.47,90.67,8.12,94.98,2.64,106.75,103.1,19,1,3.98,0.21,95,53.5,-20
ARI,20132014,Regular,82,460.98,724,89,94.23,11.58,89.05,7.04,94.38,557,73,72.5,9.5,88.41,9.16,93.15,380,57,49.46,7.42,86.96,13.42,91.23,47.93,5.98,6.24,0.78,88.91,174,22,22.65,2.86,88.78,8.61,91.81,1.34,104.65,100.42,51,5,6.64,0.65,91.07,57.41,-24
ARI,20142015,Regular,82,393.12,653,93,99.66,14.19,87.53,6.43,94.62,483,80,73.72,12.21,85.79,8.7,93.75,337,62,51.43,9.46,84.46,12.46,91.94,42.66,5.02,6.51,0.77,89.48,166,22,25.34,3.36,88.3,8.83,93.73,0.02,104.4,102.56,42,5,6.41,0.76,89.36,58.6,-32
ARI,20152016,Regular,82,513.17,763,105,89.21,12.28,87.9,5.77,89.52,556,93,65.01,10.87,85.67,7.91,88.17,400,81,46.77,9.47,83.16,11,86.42,52.86,6.77,6.18,0.79,88.64,198,27,23.15,3.16,88,9.51,92.72,-4.55,97.42,102.23,44,11,5.14,1.29,80,58.57,-26
ARI,20162017,Regular,82,413.9,526,83,76.25,12.03,86.37,6.08,92.77,396,74,57.41,10.73,84.26,8.08,91.89,278,57,40.3,8.26,82.99,11.51,89.47,35.22,4.4,5.11,0.64,88.89,134,13,19.42,1.88,91.16,8.89,94.05,-2.16,100.98,102.95,32,6,4.64,0.87,84.21,50.64,-23
ATL,20072008,Regular,82,536.35,624,133,69.81,14.88,82.43,6.41,93.23,473,118,52.91,13.2,80.03,8.46,92.37,356,100,39.82,11.19,78.07,11.24,91,45.43,7.7,5.08,0.86,85.51,165,26,18.46,2.91,86.39,9.6,93.48,-1.1,102.24,103.08,40,9,4.47,1.01,81.63,58.9,-17
ATL,20082009,Regular,82,598.95,769,123,77.03,12.32,86.21,7.93,92.68,562,101,56.3,10.12,84.77,10.85,91.09,413,75,41.37,7.51,84.63,14.77,88,54.4,7.34,5.45,0.73,88.12,197,26,19.73,2.6,88.34,9.68,92.74,-1.65,102.77,102.42,61,9,6.11,0.9,87.14,54.92,-33
ATL,20092010,Regular,82,567.56,709,119,74.95,12.58,85.63,6.49,96.64,529,102,55.92,10.78,83.84,8.7,96.08,382,75,40.38,7.93,83.59,12.04,94.67,49.78,8.23,5.26,0.87,85.81,177,37,18.71,3.91,82.71,9.41,91.93,4.15,106.71,101.34,46,4,4.86,0.42,92,50.87,-38
ATL,20102011,Regular,82,461.65,651,105,84.61,13.65,86.11,6.91,93.33,492,85,63.94,11.05,85.27,9.15,91.76,357,73,46.4,9.49,83.02,12.61,90.41,43.6,5.97,5.67,0.78,87.95,150,22,19.5,2.86,87.21,8.86,92.97,-1.21,103.02,101.83,45,7,5.85,0.91,86.54,51.99,-23
BOS,20072008,Regular,82,539.33,630,122,70.09,13.57,83.78,7.62,95.9,505,105,56.18,11.68,82.79,9.5,95.24,365,94,40.61,10.46,79.52,13.15,94.68,41.24,6.63,4.59,0.74,86.14,141,24,15.69,2.67,85.45,8.17,93.68,1.56,107.83,101.85,48,5,5.34,0.56,90.57,52.2,-35
BOS,20082009,Regular,81,512.77,759,107,88.81,12.52,87.64,8.7,93.46,585,85,68.45,9.95,87.31,11.28,91.76,436,68,51.02,7.96,86.51,15.14,89.71,51.29,5.47,6,0.64,90.37,191,25,22.35,2.93,88.43,8.77,93.57,-1.81,104.84,102.34,66,7,7.72,0.82,90.41,52.5,-33
BOS,20092010,Regular,82,443.23,619,94,83.79,12.72,86.82,6.3,96.81,457,85,61.86,11.51,84.32,8.53,96.47,337,73,45.62,9.88,82.2,11.57,95.89,39.65,5.47,5.37,0.74,87.88,145,21,19.63,2.84,87.35,8.68,93.57,2.9,107.46,102.24,39,3,5.28,0.41,92.86,51.54,-37
BOS,20102011,Regular,82,476.25,683,116,86.05,14.61,85.48,5.27,96.55,512,109,64.5,13.73,82.45,7.03,96.33,374,85,47.12,10.71,81.48,9.63,95.29,42.58,6.21,5.36,0.78,87.27,163,23,20.54,2.9,87.63,8.32,94.3,2.03,104.92,102.62,36,4,4.54,0.5,90,50.32,-22
BOS,20112012,Regular,82,432.44,632,84,87.69,11.65,88.27,6.33,98.81,453,72,62.85,9.99,86.29,8.83,98.61,311,55,43.15,7.63,84.97,12.86,98.18,35.91,2.97,4.98,0.41,92.36,119,8,16.51,1.11,93.7,7.93,95.87,2.74,111.04,103.8,40,1,5.55,0.14,97.56,52.63,-36
BOS,20122013,Regular,48,211.03,287,43,81.6,12.23,86.97,5.57,95.35,218,36,61.98,10.24,85.83,7.34,94.44,158,32,44.92,9.1,83.16,10.13,93.75,17.12,2.41,4.87,0.68,87.67,57,5,16.21,1.42,91.94,7.85,93.31,1.14,103.88,101.16,16,2,4.55,0.57,88.89,65.1,-13
BOS,20132014,Regular,82,393.35,625,69,95.33,10.52,90.06,7.84,91.3,460,60,70.17,9.15,88.46,10.65,90,340,52,51.86,7.93,86.73,14.41,88.46,42.48,4.59,6.48,0.7,90.24,167,17,25.47,2.59,90.76,9.23,92.35,-2.35,102.87,101.58,49,6,7.47,0.92,89.09,56.6,-35
BOS,20142015,Regular,82,392.07,680,71,104.06,10.87,90.55,5.29,95.77,495,60,75.75,9.18,89.19,7.27,95,331,50,50.65,7.65,86.88,10.88,94,39.25,3.57,6.01,0.55,91.66,136,14,20.81,2.14,90.67,7.93,94.05,0.95,104.88,101.98,36,3,5.51,0.46,92.31,57.53,-24
BOS,20152016,Regular,82,399.8,696,83,104.45,12.46,89.35,6.47,97.59,514,72,77.14,10.81,87.71,8.75,97.22,347,57,52.08,8.55,85.89,12.97,96.49,40.81,4.33,6.12,0.65,90.4,136,16,20.41,2.4,89.47,7.94,93.98,3.24,109.46,101.92,45,2,6.75,0.3,95.74,54.63,-17
BOS,20162017,Regular,82,422.91,701,83,99.45,11.78,89.41,6.85,92.77,532,71,75.48,10.07,88.23,9.02,91.55,379,57,53.77,8.09,86.93,12.66,89.47,43.49,4.33,6.17,0.61,90.95,150,11,21.28,1.56,93.17,8.17,93.91,-2.36,102.14,102.08,48,6,6.81,0.85,88.89,56.78,-21
BUF,20072008,Regular,82,597.85,800,135,80.29,13.55,85.56,6.5,94.81,620,116,62.22,11.64,84.24,8.39,93.97,442,93,44.36,9.33,82.62,11.76,92.47,52.57,6.27,5.28,0.63,89.34,194,20,19.47,2.01,90.65,8.48,94.6,-0.63,104.24,103.07,52,7,5.22,0.7,88.14,58.84,-34
BUF,20082009,Regular,82,573.38,821,112,85.91,11.72,88,7.31,96.43,608,90,63.62,9.42,87.11,9.87,95.56,437,72,45.73,7.53,85.85,13.73,94.44,51.11,5.37,5.35,0.56,90.49,182,18,19.04,1.88,91,8.41,94.03,1.52,108.17,102.44,60,4,6.28,0.42,93.75,49.65,-29
BUF,20092010,Regular,82,526.52,718,154,81.82,17.55,82.34,6.69,98.7,539,133,61.42,15.16,80.21,8.91,98.5,389,108,44.33,12.31,78.27,12.34,98.15,54.44,9.5,6.2,1.08,85.14,197,36,22.45,4.1,84.55,10.1,92.86,5.64,110.49,102.96,48,2,5.47,0.23,96,56.39,-31
BUF,20102011,Regular,82,465.2,700,107,90.28,13.8,86.74,6.86,88.79,525,91,67.71,11.74,85.23,9.14,86.81,393,66,50.69,8.51,85.62,12.21,81.82,51.54,6.18,6.65,0.8,89.29,210,24,27.09,3.1,89.74,9.82,93.2,-6.39,94.03,103.02,48,12,6.19,1.55,80,50,-22
BUF,20112012,Regular,82,441.6,652,103,88.59,13.99,86.36,5.67,93.2,475,93,64.54,12.64,83.63,7.79,92.47,346,74,47.01,10.05,82.38,10.69,90.54,43.74,7.28,5.94,0.99,85.73,163,29,22.15,3.94,84.9,9.21,92.17,0.3,101.23,101.38,37,7,5.03,0.95,84.09,50.57,-26
BUF,20122013,Regular,48,278.51,358,64,77.12,13.79,84.83,5.03,89.06,257,56,55.37,12.06,82.11,7,87.5,190,47,40.93,10.13,80.17,9.47,85.11,21.71,3.39,4.68,0.73,86.48,76,12,16.37,2.59,86.36,8.45,93.94,-6.44,94.58,102.39,18,7,3.88,1.51,72,48.19,-7
BUF,20132014,Regular,82,458.22,590,87,77.26,11.39,87.15,5.59,94.25,444,79,58.14,10.34,84.89,7.43,93.67,316,59,41.38,7.73,84.27,10.44,91.53,42.48,4.21,5.56,0.55,90.99,154,11,20.16,1.44,93.33,9.57,94.67,-1,101.97,104.24,33,5,4.32,0.65,86.84,49.33,-9
BUF,20142015,Regular,82,406.38,479,108,70.72,15.95,81.6,5.85,92.59,376,87,55.51,12.85,81.21,7.45,90.8,278,69,41.05,10.19,80.12,10.07,88.41,36.94,5.99,5.45,0.88,86.05,149,25,22,3.69,85.63,9.82,93.11,-2.31,98.48,102.94,28,8,4.13,1.18,77.78,47.86,-22
BUF,20152016,Regular,82,439.54,660,86,90.09,11.74,88.47,7.12,93.02,499,73,68.12,9.96,87.24,9.42,91.78,374,52,51.05,7.1,87.79,12.57,88.46,41.4,5.52,5.65,0.75,88.23,137,21,18.7,2.87,86.71,8.3,92.44,-0.66,101.03,100.73,47,6,6.42,0.82,88.68,55.36,-8
BUF,20162017,Regular,82,408.33,625,79,91.84,11.61,88.78,8.48,94.94,475,72,69.8,10.58,86.84,11.16,94.44,349,63,51.28,9.26,84.71,15.19,93.65,41.96,3.91,6.17,0.57,91.48,155,11,22.78,1.62,93.37,8.83,94.57,-0.12,108.84,103.4,53,4,7.79,0.59,92.98,59.55,-11
CAR,20072008,Regular,82,689.67,971,173,84.48,15.05,84.88,7,93.64,706,155,61.42,13.48,82,9.63,92.9,500,116,43.5,10.09,81.17,13.6,90.52,64.43,9.09,5.61,0.79,87.64,226,28,19.66,2.44,88.98,9.13,94.14,-1.23,104.12,103.26,68,11,5.92,0.96,86.08,55.23,-34
CAR,20082009,Regular,82,611.61,926,130,90.84,12.75,87.69,6.37,94.62,664,108,65.14,10.59,86.01,8.89,93.52,471,82,46.21,8.04,85.17,12.53,91.46,61.03,7.46,5.99,0.73,89.11,217,27,21.29,2.65,88.93,9.19,93.1,0.42,103.99,102.29,59,7,5.79,0.69,89.39,50.95,-28
CAR,20092010,Regular,81,529.78,736,128,83.36,14.5,85.19,6.52,95.31,553,106,62.63,12,83.92,8.68,94.34,377,82,42.7,9.29,82.14,12.73,92.68,57.08,7.03,6.46,0.8,89.03,233,22,26.39,2.49,91.37,10.32,93.36,0.98,105.42,103.69,48,6,5.44,0.68,88.89,48.38,-33
CAR,20102011,Regular,82,572.92,759,125,79.49,13.09,85.86,6.19,96,557,104,58.33,10.89,84.27,8.44,95.19,403,74,42.2,7.75,84.49,11.66,93.24,51.62,6.48,5.41,0.68,88.85,199,23,20.84,2.41,89.64,9.27,93.77,1.42,104.91,103.04,47,5,4.92,0.52,90.38,47.32,-20
CAR,20112012,Regular,82,482.33,692,125,86.08,15.55,84.7,6.21,96.8,522,109,64.93,13.56,82.73,8.24,96.33,369,90,45.9,11.2,80.39,11.65,95.56,51.82,6.57,6.45,0.82,88.76,208,20,25.87,2.49,91.23,9.93,93.98,2.35,107.21,103.9,43,4,5.35,0.5,91.49,48.71,-27
CAR,20122013,Regular,48,276.2,402,62,87.33,13.47,86.64,4.98,93.55,298,51,64.74,11.08,85.39,6.71,92.16,211,36,45.84,7.82,85.43,9.48,88.89,28.13,4.18,6.11,0.91,87.07,96,16,20.85,3.48,85.71,9.44,91.81,0.35,98.37,101.25,20,4,4.34,0.87,83.33,55.32,-25
CAR,20132014,Regular,82,463.35,705,95,91.29,12.3,88.12,4.68,91.58,507,87,65.65,11.27,85.35,6.51,90.8,366,58,47.39,7.51,86.32,9.02,86.21,45.07,6.22,5.84,0.81,87.87,161,29,20.85,3.76,84.74,8.89,92.85,-2.04,95.22,101.74,33,8,4.27,1.04,80.49,54.75,-22
CAR,20142015,Regular,82,419.89,622,70,88.88,10,89.88,6.43,94.29,439,57,62.73,8.14,88.51,9.11,92.98,323,42,46.15,6,88.49,12.38,90.48,42.95,3.96,6.14,0.57,91.55,149,18,21.29,2.57,89.22,9.78,93.05,-0.07,102.86,102.83,40,4,5.72,0.57,90.91,57.56,-16
CAR,20152016,Regular,82,427.22,671,67,94.24,9.41,90.92,5.22,92.54,501,58,70.36,8.15,89.62,6.99,91.38,350,48,49.16,6.74,87.94,10,89.58,41.6,4.06,5.84,0.57,91.1,150,18,21.07,2.53,89.29,8.3,92.99,-1.61,99.58,101.3,35,5,4.92,0.7,87.5,58.54,-11
CAR,20162017,Regular,81,403.19,605,54,90.03,8.04,91.81,6.45,90.74,444,44,66.07,6.55,90.98,8.78,88.64,306,30,45.54,4.46,91.07,12.75,83.33,43.37,4.39,6.45,0.65,90.81,156,17,23.21,2.53,90.17,9.77,90.03,-1.39,96.08,99.79,39,5,5.8,0.74,88.64,61.81,-18
CBJ,20072008,Regular,82,591.24,751,85,76.21,8.63,89.83,5.99,98.82,530,72,53.79,7.31,88.04,8.49,98.61,397,55,40.29,5.58,87.83,11.34,98.18,46,3.64,4.67,0.37,92.66,176,9,17.86,0.91,95.14,8.68,94.94,3.67,109.52,103.62,45,1,4.57,0.1,97.83,56.29,-44
CBJ,20082009,Regular,82,545.6,741,111,81.49,12.21,86.97,5.26,92.79,555,93,61.03,10.23,85.65,7.03,91.4,395,70,43.44,7.7,84.95,9.87,88.57,50.58,7,5.56,0.77,87.84,193,31,21.22,3.41,86.16,9.11,92.47,-1.08,98.44,101.59,39,8,4.29,0.88,82.98,53.08,-48
CBJ,20092010,Regular,81,506.27,748,109,88.65,12.92,87.28,6.28,92.66,539,95,63.88,11.26,85.02,8.72,91.58,403,66,47.76,7.82,85.93,11.66,87.88,47.96,6.27,5.68,0.74,88.44,177,21,20.98,2.49,89.39,8.9,93.4,-1.82,99.54,102.3,47,8,5.57,0.95,85.45,57.47,-33
CBJ,20102011,Regular,82,496.38,774,81,93.56,9.79,90.53,4.39,87.65,567,70,68.54,8.46,89.01,6,85.71,412,59,49.8,7.13,87.47,8.25,83.05,52.21,4.4,6.31,0.53,92.23,202,18,24.42,2.18,91.82,9.21,93.72,-8,91.3,102.92,34,10,4.11,1.21,77.27,53.66,-30
CBJ,20112012,Regular,82,566.45,856,89,90.67,9.43,90.58,4.91,93.26,645,77,68.32,8.16,89.34,6.51,92.21,478,65,50.63,6.88,88.03,8.79,90.77,57.39,5.53,6.08,0.59,91.21,212,23,22.46,2.44,90.21,8.9,92.82,-0.61,99.56,101.72,42,6,4.45,0.64,87.5,50.44,-35
CBJ,20122013,Regular,48,274.29,348,39,76.12,8.53,89.92,5.46,97.44,256,32,56,7,88.89,7.42,96.88,188,26,41.12,5.69,87.85,10.11,96.15,20.11,1.87,4.4,0.41,91.49,69,6,15.09,1.31,92,7.85,94.16,2.72,106.26,102.01,19,1,4.16,0.22,95,57.2,-31
CBJ,20132014,Regular,82,483.41,713,76,88.5,9.43,90.37,6.45,90.79,544,60,67.52,7.45,90.07,8.46,88.33,379,52,47.04,6.45,87.94,12.14,86.54,48.88,4.07,6.07,0.51,92.31,163,17,20.23,2.11,90.56,8.98,93.21,-4.88,98.68,102.19,46,7,5.71,0.87,86.79,55.36,-32
CBJ,20142015,Regular,82,429.6,596,69,83.24,9.64,89.62,8.39,94.2,445,61,62.15,8.52,87.94,11.24,93.44,328,46,45.81,6.42,87.7,15.24,91.3,44.29,4.25,6.19,0.59,91.25,175,15,24.44,2.09,92.11,9.95,93.04,0.41,106.55,102.99,50,4,6.98,0.56,92.59,51.65,-29
CBJ,20152016,Regular,82,419.57,553,87,79.08,12.44,86.41,6.69,91.95,422,73,60.35,10.44,85.25,8.77,90.41,313,60,44.76,8.58,83.91,11.82,88.33,44.13,5.3,6.31,0.76,89.29,169,20,24.17,2.86,89.42,10.46,92.75,-2.33,100.15,103.2,37,7,5.29,1,84.09,51.76,-34
CBJ,20162017,Regular,82,378.45,493,66,78.16,10.46,88.19,7.91,96.97,369,53,58.5,8.4,87.44,10.57,96.23,266,40,42.17,6.34,86.93,14.66,95,37.61,3.89,5.96,0.62,90.62,143,16,22.67,2.54,89.94,10.19,92.65,3.57,109.66,102.85,39,2,6.18,0.32,95.12,52.96,-25
CGY,20072008,Regular,83,575.66,768,117,80.05,12.19,86.78,6.38,94.87,600,99,62.54,10.32,85.84,8.17,93.94,437,76,45.55,7.92,85.19,11.21,92.11,57.64,5.73,6.01,0.6,90.96,205,20,21.37,2.08,91.11,9.61,94.22,-0.28,103.32,103.82,49,6,5.11,0.63,89.09,52.69,-40
CGY,20082009,Regular,81,600.28,831,131,83.06,13.09,86.38,6.38,90.08,647,116,64.67,11.59,84.8,8.19,88.79,461,92,46.08,9.2,83.36,11.5,85.87,60.01,9.03,6,0.9,86.92,227,39,22.69,3.9,85.34,9.27,92.21,-3.42,97.37,101.49,53,13,5.3,1.3,80.3,53.66,-37
CGY,20092010,Regular,82,484.08,696,76,86.27,9.42,90.16,5.6,100,500,63,61.97,7.81,88.81,7.8,100,346,45,42.89,5.58,88.49,11.27,100,40.69,2.57,5.04,0.32,94.07,143,6,17.72,0.74,95.97,8.14,95.93,4.07,111.27,104.06,39,0,4.83,0,100,49.25,-46
CGY,20102011,Regular,82,540.81,760,136,84.32,15.09,84.82,6.71,94.85,571,111,63.35,12.31,83.72,8.93,93.69,396,81,43.93,8.99,83.02,12.88,91.36,50.24,6.24,5.57,0.69,88.95,189,20,20.97,2.22,90.43,8.8,94.38,-0.68,104.24,103.18,51,7,5.66,0.78,87.93,50.27,-32
CGY,20112012,Regular,82,450.26,599,91,79.82,12.13,86.81,7.01,93.41,436,73,58.1,9.73,85.66,9.63,91.78,332,51,44.24,6.8,86.68,12.65,88.24,40.49,4.06,5.4,0.54,90.89,155,13,20.65,1.73,92.26,9.29,94.44,-2.66,100.89,103.73,42,6,5.6,0.8,87.5,48.66,-37
CGY,20122013,Regular,48,263.3,335,37,76.34,8.43,90.05,7.76,97.3,249,32,56.74,7.29,88.61,10.44,96.88,173,21,39.42,4.79,89.18,15.03,95.24,23.31,2.42,5.31,0.55,90.6,82,9,18.69,2.05,90.11,9.36,92.44,4.44,110.27,101.8,26,1,5.92,0.23,96.3,50.78,-17
CGY,20132014,Regular,82,407.56,545,69,80.23,10.16,88.76,6.61,91.3,411,60,60.51,8.83,87.26,8.76,90,285,48,41.96,7.07,85.59,12.63,87.5,40.37,2.77,5.94,0.41,93.59,147,6,21.64,0.88,96.08,9.82,95.39,-5.39,100.13,105.21,36,6,5.3,0.88,85.71,48.98,-30
CGY,20142015,Regular,82,459.71,695,100,90.71,13.05,87.42,6.04,97,487,80,63.56,10.44,85.89,8.62,96.25,345,58,45.03,7.57,85.61,12.17,94.83,47.75,4.13,6.23,0.54,92.04,192,11,25.06,1.44,94.58,9.8,94.84,1.41,107,104.64,42,3,5.48,0.39,93.33,47.86,-18
CGY,20152016,Regular,82,462.73,663,83,85.97,10.76,88.87,6.49,92.77,485,70,62.89,9.08,87.39,8.87,91.43,347,54,44.99,7,86.53,12.39,88.89,42.54,4.76,5.52,0.62,89.94,164,17,21.27,2.2,90.61,8.77,93.2,-1.78,101.28,101.97,43,6,5.58,0.78,87.76,50,-23
CGY,20162017,Regular,82,454.39,683,85,90.19,11.22,88.93,6.88,94.12,501,74,66.15,9.77,87.13,9.38,93.24,359,55,47.4,7.26,86.71,13.09,90.91,46.35,4.66,6.12,0.61,90.87,157,11,20.73,1.45,93.45,9.25,93.71,-0.47,104,102.96,47,5,6.21,0.66,90.38,54.82,-24
CHI,20072008,Regular,81,614.07,645,118,63.02,11.53,84.53,6.98,95.76,496,98,48.46,9.58,83.5,9.07,94.9,369,79,36.05,7.72,82.37,12.2,93.67,45.28,6.49,4.42,0.63,87.46,173,24,16.9,2.35,87.82,9.13,93.38,1.52,105.87,102.5,45,5,4.4,0.49,90,58.91,-33
CHI,20082009,Regular,82,595.91,801,103,80.65,10.37,88.61,7.87,95.15,615,98,61.92,9.87,86.26,10.24,94.9,459,73,46.22,7.35,86.28,13.73,93.15,51.9,6.43,5.23,0.65,88.98,196,23,19.73,2.32,89.5,8.44,93.44,1.46,106.88,101.88,63,5,6.34,0.5,92.65,54.41,-49
CHI,20092010,Regular,82,482.53,745,70,92.64,8.7,91.41,6.71,95.71,540,52,67.15,6.47,91.22,9.26,94.23,384,37,47.75,4.6,91.21,13.02,91.89,48.43,3.3,6.02,0.41,93.62,169,10,21.01,1.24,94.41,8.97,93.65,0.58,104.91,102.62,50,3,6.22,0.37,94.34,61.1,-32
CHI,20102011,Regular,82,465.12,671,93,86.56,12,87.83,8.49,96.77,497,85,64.11,10.96,85.4,11.47,96.47,356,69,45.92,8.9,83.76,16.01,95.65,46.61,5.38,6.01,0.69,89.65,181,21,23.35,2.71,89.6,9.38,93.67,2.8,111.66,103.05,57,3,7.35,0.39,95,52.35,-21
CHI,20112012,Regular,82,496.14,648,77,78.36,9.31,89.38,5.71,96.1,462,56,55.87,6.77,89.19,8.01,94.64,347,41,41.96,4.96,89.43,10.66,92.68,42.6,4.09,5.15,0.5,91.23,165,20,19.95,2.42,89.19,9.22,92.69,1.95,103.35,101.91,37,3,4.47,0.36,92.5,54.29,-25
CHI,20122013,Regular,48,275.4,347,49,75.6,10.68,87.63,5.48,89.8,235,39,51.2,8.5,85.77,8.09,87.18,174,30,37.91,6.54,85.29,10.92,83.33,19.4,2.99,4.23,0.65,86.63,77,12,16.78,2.61,86.52,8.25,92.32,-5.14,94.25,100.58,19,5,4.14,1.09,79.17,54.47,-14
CHI,20132014,Regular,82,442.29,660,83,89.53,11.26,88.83,6.82,93.98,494,75,67.01,10.17,86.82,9.11,93.33,346,57,46.94,7.73,85.86,13.01,91.23,41.03,5.98,5.57,0.81,87.28,143,25,19.4,3.39,85.12,8.31,92.03,1.3,104.23,100.33,45,5,6.1,0.68,90,56.68,-17
CHI,20142015,Regular,82,466.16,722,87,92.93,11.2,89.25,5.82,91.95,516,76,66.41,9.78,87.16,8.14,90.79,376,59,48.4,7.59,86.44,11.17,88.14,41.49,6.06,5.34,0.78,87.25,147,21,18.92,2.7,87.5,8.04,92.03,-1.24,99.31,100.07,42,7,5.41,0.9,85.71,56.66,-15
CHI,20152016,Regular,82,418.09,528,52,75.77,7.46,91.03,8.71,96.15,389,46,55.83,6.6,89.43,11.83,95.65,289,35,41.47,5.02,89.2,15.92,94.29,37.42,3.04,5.37,0.44,92.48,134,12,19.23,1.72,91.78,9.62,93.38,2.27,110.2,103,46,2,6.6,0.29,95.83,54.77,-12
CHI,20162017,Regular,82,409.67,555,93,81.28,13.62,85.65,6.67,92.47,398,76,58.29,11.13,83.97,9.3,90.79,310,62,45.4,9.08,83.33,11.94,88.71,36.81,4.4,5.39,0.65,89.31,123,15,18.01,2.2,89.13,9.25,94.21,-3.42,100.65,103.45,37,7,5.42,1.03,84.09,52.05,-15
COL,20072008,Regular,82,595.42,690,112,69.53,11.29,86.03,6.67,97.32,528,94,53.21,9.47,84.89,8.71,96.81,418,63,42.12,6.35,86.9,11,95.24,52.86,5.38,5.33,0.54,90.77,219,14,22.07,1.41,93.99,10.01,94.28,2.53,106.24,104.29,46,3,4.64,0.3,93.88,51.97,-45
COL,20082009,Regular,82,541.53,722,111,80,12.3,86.67,6.51,95.5,545,90,60.38,9.97,85.83,8.62,94.44,399,58,44.21,6.43,87.31,11.78,91.38,52.18,5.57,5.78,0.62,90.36,195,15,21.61,1.66,92.86,9.57,93.81,0.63,103.16,103.39,47,5,5.21,0.55,90.38,53.42,-46
COL,20092010,Regular,82,515.26,711,115,82.79,13.39,86.08,6.75,93.91,508,99,59.15,11.53,83.69,9.45,92.93,388,77,45.18,8.97,83.44,12.37,90.91,50.43,5.62,5.87,0.65,89.97,203,17,23.64,1.98,92.27,9.93,94.32,-1.39,103.28,104.25,48,7,5.59,0.82,87.27,54.26,-28
COL,20102011,Regular,82,455.17,573,85,75.53,11.2,87.08,6.63,89.41,439,69,57.87,9.1,86.42,8.66,86.96,332,57,43.76,7.51,85.35,11.45,84.21,41.21,5.43,5.43,0.72,88.36,146,18,19.25,2.37,89.02,9.39,92.13,-5.17,95.66,101.52,38,9,5.01,1.19,80.85,55.36,-37
COL,20112012,Regular,82,380.87,546,62,86.01,9.77,89.8,6.78,95.16,398,55,62.7,8.66,87.86,9.3,94.55,311,43,48.99,6.77,87.85,11.9,93.02,37.59,3.97,5.92,0.63,90.45,141,13,22.21,2.05,91.56,9.44,92.78,1.76,104.92,102.23,37,3,5.83,0.47,92.5,57.45,-42
COL,20122013,Regular,48,234.82,304,50,77.68,12.78,85.88,6.25,94,233,41,59.53,10.48,85.04,8.15,92.68,170,31,43.44,7.92,84.58,11.18,90.32,21.15,2.61,5.41,0.67,89.01,74,9,18.91,2.3,89.16,9.08,93.63,-0.94,101.5,102.71,19,3,4.85,0.77,86.36,51.87,-11
COL,20132014,Regular,82,432.62,537,77,74.48,10.68,87.46,7.82,98.7,422,60,58.53,8.32,87.55,9.95,98.33,322,53,44.66,7.35,85.87,13.04,98.11,42.86,3.43,5.94,0.48,92.58,183,11,25.38,1.53,94.33,10.16,94.28,4.06,111.16,104.43,42,1,5.82,0.14,97.67,56.87,-21
COL,20142015,Regular,82,422.8,555,86,78.76,12.2,86.58,5.59,98.84,417,76,59.18,10.79,84.58,7.43,98.68,299,61,42.43,8.66,83.06,10.37,98.36,34.67,4.94,4.92,0.7,87.54,114,16,16.18,2.27,87.69,8.31,93.51,5.18,108.73,101.82,31,1,4.4,0.14,96.88,51.36,-16
COL,20152016,Regular,82,446.11,581,88,78.14,11.84,86.85,7.57,92.05,436,76,58.64,10.22,85.16,10.09,90.79,326,68,43.85,9.15,82.74,13.5,89.71,39.13,5.57,5.26,0.75,87.53,147,20,19.77,2.69,88.02,8.97,92.67,-1.88,103.2,101.64,44,7,5.92,0.94,86.27,57.08,-16
COL,20162017,Regular,82,430.08,526,78,73.38,10.88,87.09,4.94,97.44,379,71,52.87,9.91,84.22,6.86,97.18,269,60,37.53,8.37,81.76,9.67,96.67,31.78,3.9,4.43,0.54,89.07,102,11,14.23,1.53,90.27,8.38,94.51,2.67,106.33,102.89,26,2,3.63,0.28,92.86,61.99,-15
DAL,20072008,Regular,82,577.9,714,97,74.13,10.07,88.04,7.14,91.75,533,86,55.34,8.93,86.11,9.57,90.7,362,68,37.58,7.06,84.19,14.09,88.24,46.65,5.66,4.84,0.59,89.18,169,22,17.55,2.28,88.48,8.75,93.42,-2.72,102.32,102.17,51,8,5.3,0.83,86.44,55.15,-5
DAL,20082009,Regular,82,583.61,794,96,81.63,9.87,89.21,5.92,97.92,618,84,63.54,8.64,88.03,7.61,97.62,430,66,44.21,6.79,86.69,10.93,96.97,51.59,4.36,5.3,0.45,92.21,188,12,19.33,1.23,94,8.35,94.81,2.81,107.9,103.16,47,2,4.83,0.21,95.92,54.03,-29
DAL,20092010,Regular,81,532.9,844,129,95.03,14.52,86.74,6.52,93.8,651,112,73.3,12.61,85.32,8.45,92.86,453,83,51,9.35,84.51,12.14,90.36,61.77,7.29,6.95,0.82,89.45,250,30,28.15,3.38,89.29,9.49,93.49,-0.64,102.5,102.98,55,8,6.19,0.9,87.3,50.99,-23
DAL,20102011,Regular,82,530.79,873,123,98.68,13.9,87.65,5.96,90.24,671,107,75.85,12.1,86.25,7.75,88.79,443,84,50.08,9.5,84.06,11.74,85.71,63.24,7.42,7.15,0.84,89.5,251,29,28.37,3.28,89.64,9.42,93.07,-4.28,97.45,102.49,52,12,5.88,1.36,81.25,49.28,-39
DAL,20112012,Regular,82,416.03,527,94,76,13.56,84.86,5.88,96.81,387,75,55.81,10.82,83.77,8.01,96,258,53,37.21,7.64,82.96,12.02,94.34,33.68,4.13,4.86,0.6,89.09,103,15,14.85,2.16,87.29,8.7,94.5,1.5,106.36,103.2,31,3,4.47,0.43,91.18,47.6,-46
DAL,20122013,Regular,48,288.76,390,71,81.04,14.75,84.6,6.41,95.77,284,58,59.01,12.05,83.04,8.8,94.83,195,38,40.52,7.9,83.69,12.82,92.11,29.41,4.2,6.11,0.87,87.5,109,14,22.65,2.91,88.62,10.36,92.76,2.07,104.93,103.11,25,3,5.19,0.62,89.29,46.9,-8
DAL,20132014,Regular,82,510.4,822,131,96.63,15.4,86.25,5.23,96.95,617,113,72.53,13.28,84.52,6.97,96.46,435,82,51.14,9.64,84.14,9.89,95.12,56.93,8.95,6.69,1.05,86.42,206,41,24.22,4.82,83.4,9.23,92.08,4.38,105.01,101.31,43,4,5.05,0.47,91.49,51.31,-25
DAL,20142015,Regular,82,493.85,721,117,87.6,14.21,86.04,6.93,94.87,518,102,62.93,12.39,83.55,9.65,94.12,362,74,43.98,8.99,83.03,13.81,91.89,46.19,8.29,5.61,1.01,84.78,163,32,19.8,3.89,83.59,8.92,91.87,2.25,105.7,100.79,50,6,6.07,0.73,89.29,51.95,-31
DAL,20152016,Regular,82,441.15,699,87,95.07,11.83,88.93,7.15,83.91,505,76,68.68,10.34,86.92,9.9,81.58,363,61,49.37,8.3,85.61,13.77,77.05,46.68,7.37,6.35,1,86.36,177,28,24.07,3.81,86.34,9.24,90.3,-8.72,90.82,99.54,50,14,6.8,1.9,78.12,49.39,-23
DAL,20162017,Regular,82,434.81,672,103,92.73,14.21,86.71,6.25,89.32,522,89,72.03,12.28,85.43,8.05,87.64,345,70,47.61,9.66,83.13,12.17,84.29,49.74,7.28,6.86,1,87.24,184,30,25.39,4.14,85.98,9.53,91.83,-4.19,96.46,101.35,42,11,5.8,1.52,79.25,54,-29
DET,20072008,Regular,82,594.22,982,111,99.16,11.21,89.84,6.52,94.59,753,93,76.03,9.39,89.01,8.5,93.55,561,62,56.65,6.26,90.05,11.41,90.32,67.9,5.44,6.86,0.55,92.58,262,19,26.45,1.92,93.24,9.02,94.15,-0.6,101.73,103.17,64,6,6.46,0.61,91.43,51.92,-14
DET,20082009,Regular,81,545.96,967,80,106.27,8.79,92.36,7.96,95,770,68,84.62,7.47,91.89,10,94.12,543,54,59.67,5.93,90.95,14.18,92.59,65.08,4.24,7.15,0.47,93.89,251,13,27.58,1.43,95.08,8.45,93.77,0.35,106.77,102.22,77,4,8.46,0.44,95.06,59.34,-15
DET,20092010,Regular,82,521.75,901,88,103.61,10.12,91.1,5.77,98.86,673,75,77.39,8.62,89.97,7.73,98.67,467,62,53.7,7.13,88.28,11.13,98.39,59.39,3.63,6.83,0.42,94.24,237,8,27.25,0.92,96.73,8.82,95.16,3.51,109.52,103.98,52,1,5.98,0.11,98.11,55.26,-29
DET,20102011,Regular,82,484.91,796,100,98.49,12.37,88.84,7.54,93,613,87,75.85,10.76,87.57,9.79,91.95,438,68,54.2,8.41,86.56,13.7,89.71,54.38,6.17,6.73,0.76,89.81,216,22,26.73,2.72,90.76,8.87,92.91,-0.95,103.4,101.78,60,7,7.42,0.87,89.55,54.37,-6
DET,20112012,Regular,82,502.55,786,87,93.84,10.39,90.03,5.6,88.51,579,76,69.13,9.07,88.4,7.6,86.84,388,60,46.32,7.16,86.61,11.34,83.33,55.24,6.43,6.6,0.77,89.58,230,25,27.46,2.98,90.2,9.54,91.54,-4.7,94.67,101.08,44,10,5.25,1.19,81.48,50.41,-17
DET,20122013,Regular,48,312.37,484,57,92.97,10.95,89.46,6.2,91.23,348,54,66.84,10.37,86.57,8.62,90.74,233,42,44.75,8.07,84.73,12.88,88.1,31.39,3.78,6.03,0.73,89.25,114,15,21.9,2.88,88.37,9.02,93,-2.26,100.97,102.02,30,5,5.76,0.96,85.71,57.95,-6
DET,20132014,Regular,82,472.69,678,71,86.06,9.01,90.52,6.34,92.96,533,62,67.66,7.87,89.58,8.07,91.94,385,49,48.87,6.22,88.71,11.17,89.8,44.6,4.91,5.66,0.62,90.09,152,18,19.29,2.28,89.41,8.37,92.09,-0.15,100.96,100.46,43,5,5.46,0.63,89.58,56.53,-18
DET,20142015,Regular,82,498.19,734,96,88.4,11.56,88.43,8.58,91.67,553,82,66.6,9.88,87.09,11.39,90.24,397,66,47.81,7.95,85.75,15.87,87.88,55.96,5.07,6.74,0.61,91.69,220,18,26.5,2.17,92.44,10.12,93.81,-3.57,103.75,103.93,63,8,7.59,0.96,88.73,55.01,-30
DET,20152016,Regular,82,461.08,664,78,86.41,10.15,89.49,6.33,96.15,501,71,65.19,9.24,87.59,8.38,95.77,351,53,45.68,6.9,86.88,11.97,94.34,47.68,4.61,6.21,0.6,91.19,188,22,24.46,2.86,89.52,9.52,93.51,2.26,106.31,103.03,42,3,5.47,0.39,93.33,54.78,-50
DET,20162017,Regular,81,436.82,570,82,78.29,11.26,87.42,5.61,89.02,416,70,57.14,9.61,85.6,7.69,87.14,282,58,38.73,7.97,82.94,11.35,84.48,39.69,5.12,5.45,0.7,88.57,157,18,21.56,2.47,89.71,9.54,92.68,-5.54,95.83,102.22,32,9,4.4,1.24,78.05,57.56,-34
EDM,20072008,Regular,82,588.19,662,127,67.53,12.95,83.9,7.55,92.13,475,100,48.45,10.2,82.61,10.53,90,336,79,34.27,8.06,80.96,14.88,87.34,42.16,7.02,4.3,0.72,85.73,144,24,14.69,2.45,85.71,8.88,92.98,-2.98,102.22,101.86,50,10,5.1,1.02,83.33,58.91,-42
EDM,20082009,Regular,82,586.98,714,101,72.98,10.32,87.61,6.86,92.08,538,89,54.99,9.1,85.81,9.11,91.01,379,67,38.74,6.85,84.98,12.93,88.06,47.77,6.85,4.88,0.7,87.45,173,26,17.68,2.66,86.93,8.88,92.3,-1.29,100.99,101.18,49,8,5.01,0.82,85.96,49.64,-38
EDM,20092010,Regular,82,497.09,624,83,75.32,10.02,88.26,6.89,93.98,449,69,54.2,8.33,86.68,9.58,92.75,324,53,39.11,6.4,85.94,13.27,90.57,41.76,4.28,5.04,0.52,90.7,159,17,19.19,2.05,90.34,9.3,93.8,-1.04,103.84,103.1,43,5,5.19,0.6,89.58,50,-30
EDM,20102011,Regular,82,496.94,617,110,74.5,13.28,84.87,6.48,98.18,442,93,53.37,11.23,82.62,9.05,97.85,320,70,38.64,8.45,82.05,12.5,97.14,43.32,6.59,5.23,0.8,86.8,152,22,18.35,2.66,87.36,9.8,92.92,4.93,109.64,102.72,40,2,4.83,0.24,95.24,47.66,-35
EDM,20112012,Regular,82,441.51,551,92,74.88,12.5,85.69,8.89,92.39,424,71,57.62,9.65,85.66,11.56,90.14,305,54,41.45,7.34,84.96,16.07,87.04,41.84,6.29,5.69,0.86,86.93,150,22,20.38,2.99,87.21,9.87,91.14,-1,103.1,101.01,49,7,6.66,0.95,87.5,51.21,-26
EDM,20122013,Regular,48,266.76,306,63,68.83,14.17,82.93,9.48,98.41,228,51,51.28,11.47,81.72,12.72,98.04,172,34,38.69,7.65,83.5,16.86,97.06,21.85,3.67,4.91,0.83,85.62,97,17,21.82,3.82,85.09,9.58,92.81,5.23,113.92,102.39,29,1,6.52,0.22,96.67,57.3,-15
EDM,20132014,Regular,82,464.13,610,104,78.86,13.44,85.43,6.56,89.42,451,92,58.3,11.89,83.06,8.87,88.04,333,73,43.05,9.44,82.02,12.01,84.93,43.69,6.6,5.65,0.85,86.88,161,26,20.81,3.36,86.1,9.69,92.83,-4.79,96.94,102.52,40,11,5.17,1.42,78.43,51.33,-43
EDM,20142015,Regular,82,398.68,607,71,91.35,10.69,89.53,6.26,90.14,431,60,64.86,9.03,87.78,8.82,88.33,310,45,46.65,6.77,87.32,12.26,84.44,39.3,4.2,5.91,0.63,90.35,134,15,20.17,2.26,89.93,9.12,93,-4.67,96.7,102.12,38,7,5.72,1.05,84.44,46.96,-14
EDM,20152016,Regular,82,439.47,635,88,86.7,12.01,87.83,6.61,94.32,462,77,63.08,10.51,85.71,9.09,93.51,336,63,45.87,8.6,84.21,12.5,92.06,45.35,5.7,6.19,0.78,88.84,170,19,23.21,2.59,89.95,9.82,92.6,0.9,104.56,102.42,42,5,5.73,0.68,89.36,51.03,-25
EDM,20162017,Regular,82,416.52,693,67,99.83,9.65,91.18,7.36,92.54,502,61,72.31,8.79,89.17,10.16,91.8,361,44,52,6.34,89.14,14.13,88.64,49.86,4.6,7.18,0.66,91.55,207,20,29.82,2.88,91.19,9.93,92.45,-0.65,102.76,102.38,51,5,7.35,0.72,91.07,50.62,-22
FLA,20072008,Regular,82,516.87,771,105,89.5,12.19,88.01,6.23,97.14,590,86,68.49,9.98,87.28,8.14,96.51,440,73,51.08,8.47,85.77,10.91,95.89,45.7,4.84,5.3,0.56,90.42,166,18,19.27,2.09,90.22,7.75,94.37,2.14,106.8,102.12,48,3,5.57,0.35,94.12,52.75,-30
FLA,20082009,Regular,82,536.51,769,89,86,9.95,89.63,5.46,93.26,580,71,64.86,7.94,89.09,7.24,91.55,410,51,45.85,5.7,88.94,10.24,88.24,49.25,4.16,5.51,0.47,92.21,178,13,19.91,1.45,93.19,8.49,94.14,-2.59,98.48,102.63,42,6,4.7,0.67,87.5,51.41,-22
FLA,20092010,Regular,82,529.01,710,125,80.53,14.18,85.03,5.77,94.4,524,112,59.43,12.7,82.39,7.82,93.75,382,86,43.33,9.75,81.62,10.73,91.86,43.9,7.58,4.98,0.86,85.27,159,26,18.03,2.95,85.95,8.38,93.23,0.52,102.59,101.61,41,7,4.65,0.79,85.42,61.79,-34
FLA,20102011,Regular,82,472.47,621,141,78.86,17.91,81.5,4.03,97.16,462,122,58.67,15.49,79.11,5.41,96.72,331,88,42.03,11.18,79,7.55,95.45,41.1,8.01,5.22,1.02,83.69,158,28,20.06,3.56,84.95,8.9,93.44,3.29,103.01,102.33,25,4,3.17,0.51,86.21,55.34,-8
FLA,20112012,Regular,82,507.27,707,80,83.62,9.46,89.83,6.79,95,525,70,62.1,8.28,88.24,9.14,94.29,374,52,44.24,6.15,87.79,12.83,92.31,42.59,5.09,5.04,0.6,89.32,145,14,17.15,1.66,91.19,8.11,92.72,1.56,105.14,100.83,48,4,5.68,0.47,92.31,53.78,-14
FLA,20122013,Regular,48,247.42,294,40,71.3,9.7,88.02,8.84,100,234,36,56.75,8.73,86.67,11.11,100,185,27,44.86,6.55,87.26,14.05,100,21.06,2.24,5.11,0.54,90.38,75,7,18.19,1.7,91.46,9,93.77,6.23,114.05,102.77,26,0,6.31,0,100,52.3,-16
FLA,20132014,Regular,82,503.57,638,103,76.02,12.27,86.1,3.76,94.17,472,87,56.24,10.37,84.44,5.08,93.1,334,67,39.8,7.98,83.29,7.19,91.04,41.37,5.76,4.93,0.69,87.78,159,20,18.94,2.38,88.83,8.76,93.38,-0.28,98.23,102.14,24,6,2.86,0.71,80,54.47,-18
FLA,20142015,Regular,82,433.22,592,81,81.99,11.22,87.96,6.25,92.59,462,69,63.99,9.56,87.01,8.01,91.3,346,54,47.92,7.48,86.5,10.69,88.89,39.42,5.37,5.46,0.74,88,138,20,19.11,2.77,87.34,8.53,92.21,-0.91,99.58,100.74,37,6,5.12,0.83,86.05,54.08,-37
FLA,20152016,Regular,82,473.27,618,86,78.35,10.9,87.78,6.31,95.35,469,71,59.46,9,86.85,8.32,94.37,343,55,43.48,6.97,86.18,11.37,92.73,43.04,4.68,5.46,0.59,90.18,170,15,21.55,1.9,91.89,9.18,93.4,0.96,104.1,102.58,39,4,4.94,0.51,90.7,55.9,-31
FLA,20162017,Regular,82,471.14,734,81,93.48,10.32,90.06,5.72,90.12,574,72,73.1,9.17,88.85,7.32,88.89,420,63,53.49,8.02,86.96,10,87.3,47.55,6.36,6.06,0.81,88.21,158,27,20.12,3.44,85.41,8.28,91.17,-2.28,97.3,99.46,42,8,5.35,1.02,84,51.4,-31
L.A,20072008,Regular,83,624.16,872,107,83.82,10.29,89.07,6.31,97.2,671,84,64.5,8.07,88.87,8.2,96.43,474,58,45.57,5.58,89.1,11.6,94.83,64.37,5.34,6.19,0.51,92.34,244,16,23.46,1.54,93.85,9.59,93.64,2.79,106.43,103.23,55,3,5.29,0.29,94.83,55.14,-3
L.A,20082009,Regular,82,569.07,888,104,93.63,10.97,89.52,6.08,94.23,656,86,69.17,9.07,88.41,8.23,93.02,426,61,44.92,6.43,87.47,12.68,90.16,55.09,6.12,5.81,0.65,90,193,21,20.35,2.21,90.19,8.4,92.88,0.14,102.84,101.28,54,6,5.69,0.63,90,59.06,-33
L.A,20092010,Regular,82,487.64,726,107,89.33,13.17,87.15,7.58,94.39,561,95,69.03,11.69,85.52,9.8,93.68,387,63,47.62,7.75,86,14.21,90.48,50.21,6.87,6.18,0.85,87.96,188,30,23.13,3.69,86.24,8.95,92.77,0.92,104.69,101.72,55,6,6.77,0.74,90.16,54.27,-19
L.A,20102011,Regular,82,519.01,785,86,90.75,9.94,90.13,5.22,93.02,580,69,67.05,7.98,89.37,7.07,91.3,401,46,46.36,5.32,89.71,10.22,86.96,45.63,3.72,5.28,0.43,92.46,149,16,17.23,1.85,90.3,7.87,94.61,-3.31,97.18,102.48,41,6,4.74,0.69,87.23,57.2,-15
L.A,20112012,Regular,82,476.08,693,76,87.34,9.58,90.12,5.48,97.37,514,63,64.78,7.94,89.08,7.39,96.83,328,46,41.34,5.8,87.7,11.59,95.65,44.8,3.19,5.65,0.4,93.36,145,7,18.27,0.88,95.39,8.72,94.94,1.89,107.24,103.66,38,2,4.79,0.25,95,49.4,-25
L.A,20122013,Regular,48,251.13,383,30,91.51,7.17,92.74,7.57,96.67,265,27,63.31,6.45,90.75,10.94,96.3,179,15,42.77,3.58,92.27,16.2,93.33,21.89,1.11,5.23,0.26,95.18,72,3,17.2,0.72,96,8.26,95.9,0.4,109.53,104.16,29,1,6.93,0.24,96.67,54.65,-17
L.A,20132014,Regular,82,515.45,788,82,91.73,9.55,90.57,4.82,93.9,587,73,68.33,8.5,88.94,6.47,93.15,406,53,47.26,6.17,88.45,9.36,90.57,56.1,5.55,6.53,0.65,90.99,207,19,24.1,2.21,91.59,9.56,92.39,0.76,99.93,101.95,38,5,4.42,0.58,88.37,54.01,-48
L.A,20142015,Regular,82,428.39,640,94,89.64,13.17,87.19,6.25,98.94,479,78,67.09,10.92,86,8.35,98.72,318,61,44.54,8.54,83.91,12.58,98.36,39.35,4.51,5.51,0.63,89.71,141,15,19.75,2.1,90.38,8.21,94.21,4.51,110.94,102.43,40,1,5.6,0.14,97.56,55.06,-17
L.A,20152016,Regular,82,404.85,716,67,106.11,9.93,91.44,6.28,97.01,537,51,79.59,7.56,91.33,8.38,96.08,365,35,54.09,5.19,91.25,12.33,94.29,45.88,3.97,6.8,0.59,92.04,157,14,23.27,2.07,91.81,8.54,92.22,3.86,106.61,100.76,45,2,6.67,0.3,95.74,60.68,-33
L.A,20162017,Regular,82,426.72,713,73,100.25,10.26,90.71,6.17,95.89,521,61,73.26,8.58,89.52,8.45,95.08,356,46,50.06,6.47,88.56,12.36,93.48,43.27,4.37,6.08,0.61,90.83,156,16,21.93,2.25,90.7,8.31,92.84,2.25,105.84,101.14,44,3,6.19,0.42,93.62,52.43,-32
MIN,20072008,Regular,81,552.55,734,110,79.7,11.94,86.97,7.49,90.91,564,98,61.24,10.64,85.2,9.75,89.8,408,77,44.3,8.36,84.12,13.48,87.01,45.99,5.89,4.99,0.64,88.65,152,20,16.51,2.17,88.37,8.16,93.99,-4.2,100.49,102.15,55,10,5.97,1.09,84.62,53.93,-43
MIN,20082009,Regular,82,524.53,752,103,86.02,11.78,87.95,7.71,94.17,571,95,65.32,10.87,85.74,10.16,93.68,407,76,46.56,8.69,84.27,14.25,92.11,50.11,5.66,5.73,0.65,89.84,186,18,21.28,2.06,91.18,8.78,94.04,-0.35,106.36,102.81,58,6,6.63,0.69,90.62,55.81,-20
MIN,20092010,Regular,83,509.29,705,113,83.06,13.31,86.19,7.66,89.38,524,93,61.73,10.96,84.93,10.31,87.1,381,78,44.89,9.19,83.01,14.17,84.62,44.47,7.36,5.24,0.87,85.79,174,22,20.5,2.59,88.78,8.49,92.08,-4.98,98.79,100.57,54,12,6.36,1.41,81.82,56.02,-22
MIN,20102011,Regular,82,472.7,634,99,80.47,12.57,86.49,7.41,95.96,475,89,60.29,11.3,84.22,9.89,95.51,355,73,45.06,9.27,82.94,13.24,94.52,39.86,6.72,5.06,0.85,85.57,153,26,19.42,3.3,85.47,8.39,92.45,3.06,107.76,100.84,47,4,5.97,0.51,92.16,53.03,-40
MIN,20112012,Regular,82,431.2,589,82,81.96,11.41,87.78,5.6,95.12,448,70,62.34,9.74,86.49,7.37,94.29,323,50,44.94,6.96,86.6,10.22,92,43.52,4.68,6.06,0.65,90.29,166,15,23.1,2.09,91.71,9.71,93.31,0.97,102.22,103.03,33,4,4.59,0.56,89.19,48.54,-36
MIN,20122013,Regular,48,261.29,367,34,84.27,7.81,91.52,6.27,100,277,27,63.61,6.2,91.12,8.3,100,206,18,47.3,4.13,91.96,11.17,100,28.41,1.39,6.52,0.32,95.33,100,4,22.96,0.92,96.15,10.26,94.84,5.16,111.17,105.1,23,0,5.28,0,100,54.43,-17
MIN,20132014,Regular,82,455,604,84,79.65,11.08,87.79,6.95,91.67,457,66,60.26,8.7,87.38,9.19,89.39,328,49,43.25,6.46,87,12.8,85.71,45.89,4.34,6.05,0.57,91.36,175,15,23.08,1.98,92.11,10.04,93.42,-4.03,98.52,103.46,42,7,5.54,0.92,85.71,58.05,-25
MIN,20142015,Regular,82,457.94,665,81,87.13,10.61,89.14,5.41,96.3,516,70,67.61,9.17,88.05,6.98,95.71,389,52,50.97,6.81,88.21,9.25,94.23,49.58,4.29,6.5,0.56,92.04,189,21,24.76,2.75,90,9.61,93.88,1.84,103.49,103.48,36,3,4.72,0.39,92.31,52.71,-32
MIN,20152016,Regular,82,470.8,694,84,88.45,10.71,89.2,6.34,95.24,512,70,65.25,8.92,87.97,8.59,94.29,366,54,46.64,6.88,87.14,12.02,92.59,48.59,3.72,6.19,0.47,92.89,192,11,24.47,1.4,94.58,9.49,94.68,-0.4,104.61,104.17,44,4,5.61,0.51,91.67,55.97,-18
MIN,20162017,Regular,82,415.27,617,65,89.15,9.39,90.47,7.29,95.38,442,53,63.86,7.66,89.29,10.18,94.34,320,43,46.23,6.21,88.15,14.06,93.02,41.34,2.68,5.97,0.39,93.91,154,6,22.25,0.87,96.25,9.35,94.94,-0.6,107.09,104.29,45,3,6.5,0.43,93.75,56.35,-35
MTL,20072008,Regular,82,600.02,893,143,89.3,14.3,86.2,8.73,97.9,676,111,67.6,11.1,85.9,11.54,97.3,481,84,48.1,8.4,85.13,16.22,96.43,60.44,5.2,6.04,0.52,92.08,237,18,23.7,1.8,92.94,8.94,95.32,1.98,112.64,104.26,78,3,7.8,0.3,96.3,51.09,-23
MTL,20082009,Regular,82,582.09,941,139,97,14.33,87.13,6.16,92.81,681,112,70.2,11.54,85.88,8.52,91.07,470,84,48.45,8.66,84.84,12.34,88.1,64.19,8.51,6.62,0.88,88.3,245,29,25.25,2.99,89.42,9.43,92.4,-1.33,100.44,101.83,58,10,5.98,1.03,85.29,52.9,-37
MTL,20092010,Regular,82,423.43,651,102,92.25,14.45,86.45,8.14,93.14,510,84,72.27,11.9,85.86,10.39,91.67,366,69,51.86,9.78,84.14,14.48,89.86,49.79,5.95,7.06,0.84,89.33,189,18,26.78,2.55,91.3,9.76,92.92,-1.25,104.34,102.68,53,7,7.51,0.99,88.33,57.11,-34
MTL,20102011,Regular,82,471.45,711,122,90.49,15.53,85.35,7.03,96.72,533,93,67.83,11.84,85.14,9.38,95.7,389,74,49.51,9.42,84.02,12.85,94.59,49.11,5.83,6.25,0.74,89.4,180,23,22.91,2.93,88.67,9.21,93.74,1.96,107.45,102.95,50,4,6.36,0.51,92.59,48.4,-33
MTL,20112012,Regular,82,523.7,711,132,81.46,15.12,84.34,4.92,93.94,532,115,60.95,13.18,82.23,6.58,93.04,377,92,43.19,10.54,80.38,9.28,91.3,46.83,9.07,5.37,1.04,83.77,167,31,19.13,3.55,84.34,8.8,92.11,0.93,100.59,100.92,35,8,4.01,0.92,81.4,53.42,-28
MTL,20122013,Regular,48,333.87,443,66,79.61,11.86,87.03,7.67,96.97,338,52,60.74,9.34,86.67,10.06,96.15,247,41,44.39,7.37,85.76,13.77,95.12,30.42,3.05,5.47,0.55,90.88,99,11,17.79,1.98,90,9,94.13,2.03,108.89,103.13,34,2,6.11,0.36,94.44,49.7,-21
MTL,20132014,Regular,82,501.77,713,118,85.26,14.11,85.8,5.75,93.22,511,95,61.1,11.36,84.32,8.02,91.58,368,80,44,9.57,82.14,11.14,90,46.99,7.34,5.62,0.88,86.5,162,20,19.37,2.39,89.01,9.2,92.28,-0.7,101.14,101.47,41,8,4.9,0.96,83.67,55.34,-34
MTL,20142015,Regular,82,423.45,619,101,87.71,14.31,85.97,5.65,97.03,431,77,61.07,10.91,84.84,8.12,96.1,311,62,44.07,8.78,83.38,11.25,95.16,39.41,5.01,5.58,0.71,88.72,133,16,18.85,2.27,89.26,9.14,93.49,2.61,106.42,102.64,35,3,4.96,0.43,92.11,54.19,-35
MTL,20152016,Regular,82,465.15,663,98,85.52,12.64,87.12,5.88,89.8,491,84,63.33,10.84,85.39,7.94,88.1,339,67,43.73,8.64,83.5,11.5,85.07,46.05,5.66,5.94,0.73,89.05,170,22,21.93,2.84,88.54,9.38,93.26,-5.16,96.58,102.64,39,10,5.03,1.29,79.59,53.8,-30
MTL,20162017,Regular,82,398.24,487,89,73.37,13.41,84.55,8.42,93.26,371,69,55.9,10.4,84.32,11.05,91.3,246,57,37.06,8.59,81.19,16.67,89.47,28.56,4.35,4.3,0.65,86.8,96,16,14.46,2.41,85.71,7.7,93.7,-2.4,106.14,101.4,41,6,6.18,0.9,87.23,48.76,-34
N.J,20072008,Regular,82,569.35,810,84,85.36,8.85,90.6,5.31,92.86,619,69,65.23,7.27,89.97,6.95,91.3,442,53,46.58,5.59,89.29,9.73,88.68,54.7,4.38,5.76,0.46,92.58,212,22,22.34,2.32,90.6,8.84,93.65,-2.34,98.41,102.48,43,6,4.53,0.63,87.76,55.11,-30
N.J,20082009,Regular,82,528.2,842,84,95.65,9.54,90.93,5.58,96.43,653,63,74.18,7.16,91.2,7.2,95.24,485,46,55.09,5.23,91.34,9.69,93.48,63.11,4.03,7.17,0.46,93.99,240,15,27.26,1.7,94.12,9.66,93.6,1.64,103.17,103.26,47,3,5.34,0.34,94,58.41,-39
N.J,20092010,Regular,82,456.64,597,82,78.44,10.77,87.92,7.71,93.9,452,74,59.39,9.72,85.93,10.18,93.24,345,57,45.33,7.49,85.82,13.33,91.23,42.53,4.35,5.59,0.57,90.72,159,18,20.89,2.37,89.83,9.41,94.12,-0.88,104.56,103.53,46,5,6.04,0.66,90.2,56.62,-30
N.J,20102011,Regular,82,430.27,597,63,83.25,8.79,90.45,4.19,88.89,451,53,62.89,7.39,89.48,5.54,86.79,316,42,44.07,5.86,88.27,7.91,83.33,37.35,4.1,5.21,0.57,90.1,142,14,19.8,1.95,91.03,8.28,92.25,-5.46,91.24,100.54,25,7,3.49,0.98,78.12,58.03,-21
N.J,20112012,Regular,83,456.26,568,91,74.69,11.97,86.19,6.69,89.01,427,75,56.15,9.86,85.06,8.9,86.67,309,63,40.63,8.28,83.06,12.3,84.13,40.33,6.64,5.3,0.87,85.86,153,26,20.12,3.42,85.47,9.45,91.14,-4.48,96.42,100.59,38,10,5,1.32,79.17,45.5,-18
N.J,20122013,Regular,48,288.7,381,49,79.18,10.18,88.6,6.3,87.76,286,41,59.44,8.52,87.46,8.39,85.37,212,34,44.06,7.07,86.18,11.32,82.35,24.22,3.53,5.03,0.73,87.27,85,15,17.67,3.12,85,8.47,91.38,-6.02,93.67,99.85,24,6,4.99,1.25,80,55.91,-15
N.J,20132014,Regular,82,437.14,499,94,68.49,12.9,84.15,8.22,95.74,377,82,51.75,11.25,82.14,10.88,95.12,287,65,39.39,8.92,81.53,14.29,93.85,30.72,6.15,4.22,0.84,83.31,111,21,15.24,2.88,84.09,8.15,92.5,2.62,108.13,100.65,41,4,5.63,0.55,91.11,48.28,-4
N.J,20142015,Regular,82,379.52,433,74,68.45,11.7,85.4,9.01,93.24,333,67,52.65,10.59,83.25,11.71,92.54,237,57,37.47,9.01,80.61,16.46,91.23,32.84,5.24,5.19,0.83,86.23,131,19,20.71,3,87.33,9.86,92.18,0.36,107.68,102.04,39,5,6.17,0.79,88.64,53.06,-26
N.J,20152016,Regular,82,440.16,537,79,73.2,10.77,87.18,8.01,92.41,418,71,56.98,9.68,85.48,10.29,91.55,303,58,41.3,7.91,83.93,14.19,89.66,34.71,4.69,4.73,0.64,88.1,119,18,16.22,2.45,86.86,8.3,93.4,-1.85,103.85,101.7,43,6,5.86,0.82,87.76,55.3,-16
N.J,20162017,Regular,81,447.13,597,101,80.11,13.55,85.53,7.04,90.1,459,88,61.59,11.81,83.91,9.15,88.64,338,72,45.36,9.66,82.44,12.43,86.11,41.97,7.62,5.63,1.02,84.64,157,28,21.07,3.76,84.86,9.14,91.34,-2.71,98.54,100.49,42,10,5.64,1.34,80.77,55.07,-15
NSH,20072008,Regular,82,616.22,733,116,71.37,11.29,86.34,6.41,93.1,553,97,53.84,9.44,85.08,8.5,91.75,412,78,40.12,7.59,84.08,11.41,89.74,46.96,5.7,4.57,0.56,89.17,158,20,15.38,1.95,88.76,8.49,94.12,-2.37,101.15,102.61,47,8,4.58,0.78,85.45,49.39,-35
NSH,20082009,Regular,82,541.25,693,99,76.82,10.97,87.5,5.77,91.92,533,88,59.09,9.76,85.83,7.5,90.91,384,69,42.57,7.65,84.77,10.42,88.41,46.49,7.49,5.15,0.83,86.12,161,30,17.85,3.33,84.29,8.72,91.49,-0.58,98.82,100.21,40,8,4.43,0.89,83.33,51.37,-33
NSH,20092010,Regular,82,494.17,704,69,85.48,8.38,91.07,5.4,95.65,534,55,64.84,6.68,90.66,7.12,94.55,384,46,46.62,5.59,89.3,9.9,93.48,50.63,3.59,6.15,0.44,93.38,186,10,22.58,1.21,94.9,9.48,93.47,1.07,103.37,102.96,38,3,4.61,0.36,92.68,49.16,-16
NSH,20102011,Regular,82,463.82,643,69,83.18,8.93,90.31,5.44,97.1,458,61,59.25,7.89,88.25,7.64,96.72,331,40,42.82,5.17,89.22,10.57,95,44.57,3.95,5.77,0.51,91.86,171,13,22.12,1.68,92.93,9.73,93.53,3.2,105.57,103.26,35,2,4.53,0.26,94.59,51.64,-11
NSH,20112012,Regular,82,421.38,506,63,72.05,8.97,88.93,9.09,93.65,390,59,55.53,8.4,86.86,11.79,93.22,287,49,40.87,6.98,85.42,16.03,91.84,33.69,5.11,4.8,0.73,86.82,108,18,15.38,2.56,85.71,8.64,91.34,1.89,107.86,99.97,46,4,6.55,0.57,92,50.83,-5
NSH,20122013,Regular,48,253.98,309,32,73,7.56,90.62,7.12,87.5,236,27,55.75,6.38,89.73,9.32,85.19,175,16,41.34,3.78,91.62,12.57,75,21.86,1.84,5.16,0.44,92.22,77,6,18.19,1.42,92.77,9.26,93.17,-7.99,87.57,102.43,22,4,5.2,0.94,84.62,52.23,-19
NSH,20132014,Regular,82,427.55,541,64,75.92,8.98,89.42,7.39,100,417,51,58.52,7.16,89.1,9.59,100,311,40,43.64,5.61,88.6,12.86,100,37.65,2.89,5.28,0.41,92.86,127,7,17.82,0.98,94.78,9.03,94.33,5.67,112.86,103.36,40,0,5.61,0,100,56.3,-27
NSH,20142015,Regular,82,477.42,656,78,82.44,9.8,89.37,5.79,94.87,496,58,62.34,7.29,89.53,7.66,93.1,352,47,44.24,5.91,88.22,10.8,91.49,39.32,2.94,4.94,0.37,93.05,117,8,14.7,1.01,93.6,7.93,94.93,-1.83,102.28,102.86,38,4,4.78,0.5,90.48,47.71,-13
NSH,20152016,Regular,82,458.98,599,70,78.3,9.15,89.54,7.68,97.14,459,59,60,7.71,88.61,10.02,96.61,354,53,46.28,6.93,86.98,12.99,96.23,42.84,3.44,5.6,0.45,92.56,157,10,20.52,1.31,94.01,9.33,94.17,2.44,109.22,103.5,46,2,6.01,0.26,95.83,47.21,-20
NSH,20162017,Regular,82,440.32,631,80,85.98,10.9,88.75,6.5,93.75,462,71,62.95,9.67,86.68,8.87,92.96,331,55,45.1,7.49,85.75,12.39,90.91,40.31,4.91,5.49,0.67,89.14,133,16,18.12,2.18,89.26,8.72,93.08,-0.12,103.3,101.81,41,5,5.59,0.68,89.13,55.4,-42
NYI,20072008,Regular,82,538.66,678,124,75.52,13.81,84.54,5.75,88.71,469,108,52.24,12.03,81.28,8.32,87.04,352,91,39.21,10.14,79.46,11.08,84.62,40,8.1,4.46,0.9,83.15,145,26,16.15,2.9,84.8,8.53,92.5,-5.46,95.69,101.02,39,14,4.34,1.56,73.58,59.34,-14
NYI,20082009,Regular,82,530.16,724,109,81.94,12.34,86.91,6.63,96.33,549,91,62.13,10.3,85.78,8.74,95.6,386,70,43.68,7.92,84.65,12.44,94.29,51.92,5.97,5.88,0.68,89.68,205,23,23.2,2.6,89.91,9.46,93.43,2.17,106.72,102.89,48,4,5.43,0.45,92.31,49.72,-36
NYI,20092010,Regular,81,545.57,817,90,89.85,9.9,90.08,5.14,96.67,597,79,65.66,8.69,88.31,7.04,96.2,429,59,47.18,6.49,87.91,9.79,94.92,60.85,6.14,6.69,0.67,90.84,235,22,25.84,2.42,91.44,10.19,92.23,3.97,104.71,102.42,42,3,4.62,0.33,93.33,51.79,-11
NYI,20102011,Regular,82,508.7,701,111,82.68,13.09,86.33,5.85,94.59,511,87,60.27,10.26,85.45,8.02,93.1,376,70,44.35,8.26,84.3,10.9,91.43,53.99,5.91,6.37,0.7,90.13,221,22,26.07,2.59,90.95,10.57,93.2,-0.1,102.33,103.77,41,6,4.84,0.71,87.23,51.21,-37
NYI,20112012,Regular,82,412.57,586,112,85.22,16.29,83.95,7.51,95.54,412,94,59.92,13.67,81.42,10.68,94.68,307,69,44.65,10.03,81.65,14.33,92.75,45.53,8.78,6.62,1.28,83.84,190,35,27.63,5.09,84.44,11.05,90.66,4.02,107.09,101.72,44,5,6.4,0.73,89.8,50.25,-28
NYI,20122013,Regular,48,236.26,366,39,92.95,9.9,90.37,7.65,100,263,25,66.79,6.35,91.32,10.65,100,195,15,49.52,3.81,92.86,14.36,100,29.02,1.24,7.37,0.31,95.91,118,3,29.97,0.76,97.52,11.03,95.05,4.95,114.36,106.09,28,0,7.11,0,100,55.42,-12
NYI,20132014,Regular,82,461.13,689,70,89.65,9.11,90.78,5.95,90,495,61,64.41,7.94,89.03,8.28,88.52,361,48,46.97,6.25,88.26,11.36,85.42,50.1,5.3,6.52,0.69,90.43,224,24,29.15,3.12,90.32,10.12,91.31,-2.78,96.77,101.43,41,7,5.33,0.91,85.42,50.91,-21
NYI,20142015,Regular,82,446.75,648,74,87.03,9.94,89.75,6.33,95.95,497,67,66.75,9,88.12,8.25,95.52,364,52,48.89,6.98,87.5,11.26,94.23,53.97,5.07,7.25,0.68,91.41,215,23,28.88,3.09,90.34,10.86,92.43,3.1,105.49,103.29,41,3,5.51,0.4,93.18,52.23,-19
NYI,20152016,Regular,82,397.74,552,67,83.27,10.11,89.18,6.52,92.54,405,57,61.1,8.6,87.66,8.89,91.23,297,45,44.8,6.79,86.84,12.12,88.89,41.92,3.98,6.32,0.6,91.33,173,13,26.1,1.96,93.01,10.35,93.02,-1.79,101.01,103.37,36,5,5.43,0.75,87.8,49.48,-19
NYI,20162017,Regular,82,395.17,569,84,86.39,12.75,87.14,5.45,92.86,439,70,66.65,10.63,86.25,7.06,91.43,306,53,46.46,8.05,85.24,10.13,88.68,39.19,5.5,5.95,0.83,87.7,143,20,21.71,3.04,87.73,8.93,92.15,-0.72,98.81,101.07,31,6,4.71,0.91,83.78,56.69,-8
NYR,20072008,Regular,82,596.5,842,132,84.69,13.28,86.45,5.94,96.21,651,115,65.48,11.57,84.99,7.68,95.65,470,91,47.28,9.15,83.78,10.64,94.51,64.43,8.87,6.48,0.89,87.9,266,36,26.76,3.62,88.08,9.9,92.29,3.36,105.14,102.19,50,5,5.03,0.5,90.91,57.09,-32
NYR,20082009,Regular,82,552.23,810,108,88.01,11.73,88.24,4.57,88.89,600,96,65.19,10.43,86.21,6.17,87.5,413,81,44.87,8.8,83.6,8.96,85.19,57.73,7.65,6.27,0.83,88.3,250,32,27.16,3.48,88.65,9.62,92.03,-4.53,94.14,101.65,37,12,4.02,1.3,75.51,54.56,-41
NYR,20092010,Regular,82,491.99,671,116,81.83,14.15,85.26,7,94.83,529,90,64.51,10.98,85.46,8.88,93.33,378,70,46.1,8.54,84.38,12.43,91.43,57.03,7.95,6.95,0.97,87.77,263,32,32.07,3.9,89.15,10.78,91.17,2.16,103.86,101.95,47,6,5.73,0.73,88.68,52.92,-35
NYR,20102011,Regular,82,511.55,658,120,77.18,14.07,84.58,6.69,96.67,507,98,59.47,11.49,83.8,8.68,95.92,379,75,44.45,8.8,83.48,11.61,94.67,55.45,7.46,6.5,0.88,88.14,240,27,28.15,3.17,89.89,10.94,92.39,3.53,106.28,103.32,44,4,5.16,0.47,91.67,52.02,-22
NYR,20112012,Regular,82,472.94,623,95,79.04,12.05,86.77,6.1,97.89,464,75,58.87,9.51,86.09,8.19,97.33,314,55,39.84,6.98,85.09,12.1,96.36,52.05,5.33,6.6,0.68,90.71,212,21,26.9,2.66,90.99,11.22,92.89,4.44,108.47,104.11,38,2,4.82,0.25,95,53.71,-29
NYR,20122013,Regular,48,261.93,336,71,76.97,16.26,82.56,5.95,97.18,237,61,54.29,13.97,79.53,8.44,96.72,173,45,39.63,10.31,79.36,11.56,95.56,22.46,3.91,5.14,0.9,85.16,89,14,20.39,3.21,86.41,9.48,93.59,3.13,107.12,103.06,20,2,4.58,0.46,90.91,46.46,-9
NYR,20132014,Regular,83,459.71,737,102,96.19,13.31,87.84,5.43,94.12,527,83,68.78,10.83,86.39,7.59,92.77,383,64,49.99,8.35,85.68,10.44,90.62,48.23,6.64,6.29,0.87,87.89,191,30,24.93,3.92,86.43,9.15,92,0.78,101.07,101.15,40,6,5.22,0.78,86.96,53.29,-30
NYR,20142015,Regular,82,411.11,616,79,89.9,11.53,88.63,5.68,93.67,462,65,67.43,9.49,87.67,7.58,92.31,340,60,49.62,8.76,85,10.29,91.67,41.69,4.23,6.08,0.62,90.8,162,15,23.64,2.19,91.53,9.02,93.5,-1.19,101.96,102.52,35,5,5.11,0.73,87.5,48.28,-27
NYR,20152016,Regular,82,385.62,614,76,95.53,11.83,88.99,6.03,94.74,457,66,71.11,10.27,87.38,8.1,93.94,324,51,50.41,7.94,86.4,11.42,92.16,38.22,4.65,5.95,0.72,89.16,142,18,22.09,2.8,88.75,8.36,92.96,0.98,103.58,101.32,37,4,5.76,0.62,90.24,51.88,-22
NYR,20162017,Regular,82,415.33,616,75,88.99,10.83,89.15,7.31,93.33,471,62,68.04,8.96,88.37,9.55,91.94,326,52,47.1,7.51,86.24,13.8,90.38,44.74,3.98,6.46,0.58,91.82,167,10,24.13,1.44,94.35,9.5,93.57,-1.64,104.19,103.07,45,5,6.5,0.72,90,50.95,-27
OTT,20072008,Regular,82,548.38,794,130,86.87,14.22,85.93,7.05,96.15,564,114,61.71,12.47,83.19,9.93,95.61,385,86,42.12,9.41,81.74,14.55,94.19,52.14,7.04,5.7,0.77,88.11,193,24,21.12,2.63,88.94,9.24,93.83,1.79,108.73,103.07,56,5,6.13,0.55,91.8,54.9,-28
OTT,20082009,Regular,82,551.65,762,108,82.88,11.75,87.59,7.87,95.37,571,89,62.1,9.68,86.52,10.51,94.38,425,69,46.22,7.5,86.03,14.12,92.75,52.7,6.51,5.73,0.71,89.01,193,26,20.99,2.83,88.13,9.23,92.69,1.69,106.87,101.92,60,5,6.53,0.54,92.31,56.63,-23
OTT,20092010,Regular,82,484.55,651,101,80.61,12.51,86.57,6.45,97.03,490,89,60.67,11.02,84.63,8.57,96.63,360,67,44.58,8.3,84.31,11.67,95.52,42.41,5.64,5.25,0.7,88.27,146,21,18.08,2.6,87.43,8.65,93.67,2.96,107.19,102.32,42,3,5.2,0.37,93.33,57.26,-20
OTT,20102011,Regular,82,447.4,609,98,81.67,13.14,86.14,6.57,96.94,449,85,60.21,11.4,84.08,8.91,96.47,321,63,43.05,8.45,83.59,12.46,95.24,38.85,7.24,5.21,0.97,84.3,137,26,18.37,3.49,84.05,8.65,91.48,4.99,107.7,100.14,40,3,5.36,0.4,93.02,50.59,-26
OTT,20112012,Regular,82,445.7,678,113,91.27,15.21,85.71,6.34,93.81,484,97,65.16,13.06,83.3,8.88,92.78,328,82,44.16,11.04,80,13.11,91.46,38.98,6.91,5.25,0.93,84.95,124,33,16.69,4.44,78.98,8.05,92.88,-0.1,104.57,100.93,43,7,5.79,0.94,86,49.57,-25
OTT,20122013,Regular,48,264.84,413,54,93.57,12.23,88.44,5.33,98.15,288,46,65.25,10.42,86.23,7.64,97.83,217,34,49.16,7.7,86.45,10.14,97.06,24.46,2.49,5.54,0.56,90.75,85,5,19.26,1.13,94.44,8.49,94.58,3.24,107.2,103.08,22,1,4.98,0.23,95.65,44.96,-17
OTT,20132014,Regular,82,457.5,700,113,91.8,14.82,86.1,6.57,92.04,514,97,67.41,12.72,84.12,8.95,90.72,362,80,47.48,10.49,81.9,12.71,88.75,44.29,7.75,5.81,1.02,85.11,158,28,20.72,3.67,84.95,8.62,92.01,-1.29,101.46,100.63,46,9,6.03,1.18,83.64,52.86,-45
OTT,20142015,Regular,82,493.06,773,109,94.07,13.26,87.64,5.43,95.41,573,93,69.73,11.32,86.04,7.33,94.62,398,66,48.43,8.03,85.78,10.55,92.42,48.95,6.72,5.96,0.82,87.93,155,22,18.86,2.68,87.57,8.54,92.78,1.85,102.98,101.32,42,5,5.11,0.61,89.36,51.85,-23
OTT,20152016,Regular,82,429.09,576,71,80.54,9.93,89.03,6.08,97.18,410,61,57.33,8.53,87.05,8.54,96.72,285,42,39.85,5.87,87.16,12.28,95.24,31.96,3.36,4.47,0.47,90.48,101,11,14.12,1.54,90.18,7.8,94.49,2.23,107.52,102.28,35,2,4.89,0.28,94.59,50.35,-29
OTT,20162017,Regular,82,427.39,617,88,86.62,12.35,87.52,6.16,96.59,461,77,64.72,10.81,85.69,8.24,96.1,317,67,44.5,9.41,82.55,11.99,95.52,36.79,5.6,5.16,0.79,86.78,111,19,15.58,2.67,85.38,7.98,92.72,3.38,107.51,100.7,38,3,5.33,0.42,92.68,50.68,-28
PHI,20072008,Regular,82,604.31,846,140,84,13.9,85.8,8.63,95.71,627,120,62.25,11.91,83.94,11.64,95,452,103,44.88,10.23,81.44,16.15,94.17,60.27,6.87,5.98,0.68,89.77,226,20,22.44,1.99,91.87,9.61,94.28,0.72,110.33,103.89,73,6,7.25,0.6,92.41,58.58,-34
PHI,20082009,Regular,82,492.84,760,100,92.52,12.17,88.37,8.16,99,525,85,63.92,10.35,86.07,11.81,98.82,343,58,41.76,7.06,85.54,18.08,98.28,50.02,5.68,6.09,0.69,89.81,182,20,22.16,2.43,90.1,9.53,93.32,5.5,116.35,102.85,62,1,7.55,0.12,98.41,53.4,-38
PHI,20092010,Regular,82,527.68,854,90,97.1,10.23,90.47,7.26,92.22,632,69,71.86,7.85,90.16,9.81,89.86,465,56,52.87,6.37,89.25,13.33,87.5,60.16,4.16,6.84,0.47,93.53,217,12,24.67,1.36,94.76,9.52,93.97,-4.11,100.83,103.49,62,7,7.05,0.8,89.86,54.01,-60
PHI,20102011,Regular,82,515.57,728,107,84.72,12.45,87.19,5.63,97.2,527,83,61.33,9.66,86.39,7.78,96.39,365,64,42.48,7.45,85.08,11.23,95.31,55.69,4.73,6.48,0.55,92.18,208,13,24.21,1.51,94.12,10.57,94.3,2.08,106.55,104.87,41,3,4.77,0.35,93.18,55.31,-37
PHI,20112012,Regular,83,565.46,854,115,90.62,12.2,88.13,6.91,93.91,655,89,69.5,9.44,88.04,9.01,92.13,448,66,47.54,7,87.16,13.17,89.39,67.88,6.25,7.2,0.66,91.57,251,24,26.63,2.55,91.27,10.36,92.97,-0.84,102.56,103.34,59,7,6.26,0.74,89.39,54.58,-49
PHI,20122013,Regular,48,293.03,433,57,88.66,11.67,88.37,7.85,96.49,319,42,65.32,8.6,88.37,10.66,95.24,238,32,48.73,6.55,88.15,14.29,93.75,30.25,3.19,6.19,0.65,90.45,115,10,23.55,2.05,92,9.48,92.4,2.84,108.04,101.88,34,2,6.96,0.41,94.44,54.02,-31
PHI,20132014,Regular,82,497.2,791,107,95.45,12.91,88.08,6.95,90.65,592,85,71.44,10.26,87.44,9.29,88.24,421,66,50.8,7.96,86.45,13.06,84.85,53.99,6.61,6.52,0.8,89.09,193,25,23.29,3.02,88.53,9.12,92.22,-3.98,97.91,101.34,55,10,6.64,1.21,84.62,53.08,-35
PHI,20142015,Regular,82,432.02,714,91,99.16,12.64,88.7,7.42,93.41,516,81,71.66,11.25,86.43,10.27,92.59,366,73,50.83,10.14,83.37,14.48,91.78,51.7,5.82,7.18,0.81,89.88,192,25,26.67,3.47,88.48,10.02,92.82,-0.22,106.26,102.83,53,6,7.36,0.83,89.83,56.86,-26
PHI,20152016,Regular,82,484.5,784,91,97.09,11.27,89.6,5.87,93.41,576,82,71.33,10.15,87.54,7.99,92.68,420,61,52.01,7.55,87.32,10.95,90.16,54.13,6.59,6.7,0.82,89.14,195,30,24.15,3.72,86.67,9.4,91.96,0.72,101.12,101.36,46,6,5.7,0.74,88.46,56.47,-33
PHI,20162017,Regular,82,473.73,803,99,101.7,12.54,89.02,6.1,90.91,618,79,78.27,10.01,88.67,7.93,88.61,432,66,54.71,8.36,86.75,11.34,86.36,57.73,5.33,7.31,0.67,91.55,195,14,24.7,1.77,93.3,9.34,93.26,-4.65,97.71,102.6,49,9,6.21,1.14,84.48,54.49,-30
PIT,20072008,Regular,82,655.63,888,184,81.27,16.84,82.84,7.43,94.57,676,156,61.86,14.28,81.25,9.76,93.59,482,115,44.11,10.52,80.74,13.69,91.3,62.69,8.22,5.74,0.75,88.41,229,25,20.96,2.29,90.16,9.27,94.73,-1.14,105,104,66,10,6.04,0.92,86.84,51.18,-19
PIT,20082009,Regular,82,575.55,792,145,82.56,15.12,84.53,6.69,92.41,581,111,60.57,11.57,83.96,9.12,90.09,419,86,43.68,8.97,82.97,12.65,87.21,54.13,8.56,5.64,0.89,86.34,207,33,21.58,3.44,86.25,9.32,92.28,-2.19,99.86,101.6,53,11,5.53,1.15,82.81,53.79,-38
PIT,20092010,Regular,81,534.05,824,112,92.58,12.58,88.03,6.07,95.54,615,92,69.09,10.34,86.99,8.13,94.57,444,62,49.88,6.97,87.75,11.26,91.94,56.61,6.18,6.36,0.69,90.15,207,17,23.26,1.91,92.41,9.2,93.28,1.29,103.2,102.48,50,5,5.62,0.56,90.91,59.14,-45
PIT,20102011,Regular,82,544.74,788,101,86.79,11.12,88.64,5.58,95.05,564,82,62.12,9.03,87.31,7.8,93.9,400,61,44.06,6.72,86.77,11,91.8,48.45,6.12,5.34,0.67,88.78,187,24,20.6,2.64,88.63,8.59,92.54,1.37,102.8,101.13,44,5,4.85,0.55,89.8,50.18,-62
PIT,20112012,Regular,82,473.8,843,111,106.75,14.06,88.36,5.81,91.89,618,96,78.26,12.16,86.55,7.93,90.62,415,81,52.55,10.26,83.67,11.81,88.89,51.72,7.93,6.55,1,86.7,181,36,22.92,4.56,83.41,8.37,91.74,-1.11,100.7,100.1,49,9,6.21,1.14,84.48,51.45,-47
PIT,20122013,Regular,48,272.65,405,45,89.13,9.9,90,8.4,93.33,313,30,68.88,6.6,91.25,10.86,90,227,21,49.95,4.62,91.53,14.98,85.71,27.33,1.61,6.01,0.35,94.43,92,7,20.25,1.54,92.93,8.73,94.63,-4.63,100.69,103.36,34,3,7.48,0.66,91.89,51.78,-21
PIT,20132014,Regular,82,463.87,774,84,100.11,10.87,90.21,7.75,92.86,590,66,76.31,8.54,89.94,10.17,90.91,445,55,57.56,7.11,89,13.48,89.09,52.4,4.07,6.78,0.53,92.79,177,11,22.89,1.42,94.15,8.88,93.83,-2.92,102.57,102.71,60,6,7.76,0.78,90.91,59.23,-33
PIT,20142015,Regular,82,456.21,689,90,90.62,11.84,88.45,6.24,88.89,535,77,70.36,10.13,87.42,8.04,87.01,398,65,52.34,8.55,85.96,10.8,84.62,51.84,5.84,6.82,0.77,89.88,177,21,23.28,2.76,89.39,9.69,92.42,-5.4,95.42,102.11,43,10,5.66,1.32,81.13,53.52,-39
PIT,20152016,Regular,82,440.73,640,96,87.13,13.07,86.96,6.88,94.79,482,82,65.62,11.16,85.46,9.13,93.9,358,61,48.74,8.3,85.44,12.29,91.8,46.17,6.29,6.29,0.86,88.01,174,26,23.69,3.54,87,9.58,92.33,1.57,104.09,101.91,44,5,5.99,0.68,89.8,52.93,-32
PIT,20162017,Regular,82,434,673,115,93.04,15.9,85.41,8.02,93.91,511,99,70.65,13.69,83.77,10.57,92.93,386,81,53.36,11.2,82.66,13.99,91.36,52.1,9.07,7.2,1.25,85.18,200,36,27.65,4.98,84.75,10.19,90.84,2.09,105.35,101.04,54,7,7.47,0.97,88.52,55.41,-34
S.J,20072008,Regular,82,624.69,764,126,73.38,12.1,85.84,6.54,92.86,593,110,56.96,10.57,84.35,8.43,91.82,440,87,42.26,8.36,83.49,11.36,89.66,62.52,6.27,6,0.6,90.88,239,16,22.96,1.54,93.73,10.54,94.3,-2.48,101.02,104.84,50,9,4.8,0.86,84.75,57.7,-30
S.J,20082009,Regular,82,561.72,948,121,101.26,12.92,88.68,8.12,91.74,696,100,74.34,10.68,87.44,11.06,90,510,74,54.48,7.9,87.33,15.1,86.49,66.96,7.16,7.15,0.76,90.34,241,26,25.74,2.78,90.26,9.62,92.84,-2.84,101.58,102.46,77,10,8.22,1.07,88.51,56.24,-27
S.J,20092010,Regular,81,501.08,883,118,105.73,14.13,88.21,7.02,93.22,653,93,78.19,11.14,87.53,9.49,91.4,471,72,56.4,8.62,86.74,13.16,88.89,64.49,5.88,7.72,0.7,91.64,234,22,28.02,2.63,91.41,9.88,93.68,-2.28,102.05,103.55,62,8,7.42,0.96,88.57,59.84,-47
S.J,20102011,Regular,82,466.08,940,95,121.01,12.23,90.82,6.17,92.63,707,78,91.01,10.04,90.06,8.2,91.03,520,54,66.94,6.95,90.59,11.15,87.04,72.99,6.38,9.4,0.82,91.97,278,24,35.79,3.09,92.05,10.32,91.83,-0.8,98.19,102.15,58,7,7.47,0.9,89.23,58.86,-21
S.J,20112012,Regular,82,468.43,857,77,109.77,9.86,91.76,6.07,96.1,636,63,81.46,8.07,90.99,8.18,95.24,449,53,57.51,6.79,89.44,11.58,94.34,57.2,3.94,7.33,0.51,93.55,210,12,26.9,1.54,94.59,8.99,93.74,1.5,105.92,102.73,52,3,6.66,0.38,94.55,55.58,-40
S.J,20122013,Regular,48,282.97,480,73,101.78,15.48,86.8,5.83,95.89,346,63,73.36,13.36,84.6,8.09,95.24,254,50,53.86,10.6,83.55,11.02,94,30.86,4.69,6.54,0.99,86.82,112,18,23.75,3.82,86.15,8.92,92.56,2.68,105.02,101.48,28,3,5.94,0.64,90.32,54.18,-14
S.J,20132014,Regular,82,490.44,892,113,109.13,13.82,88.76,5.27,95.58,665,84,81.36,10.28,88.79,7.07,94.05,483,70,59.09,8.56,87.34,9.73,92.86,63.04,5.16,7.71,0.63,92.43,239,19,29.24,2.32,92.64,9.48,93.86,0.19,102.59,103.34,47,5,5.75,0.61,90.38,57.14,-28
S.J,20142015,Regular,82,450.86,768,112,102.2,14.9,87.27,6.51,96.43,559,91,74.39,12.11,86,8.94,95.6,402,71,53.5,9.45,84.99,12.44,94.37,56.15,6.56,7.47,0.87,89.54,211,22,28.08,2.93,90.56,10.05,92.79,2.81,106.8,102.83,50,4,6.65,0.53,92.59,57.11,-25
S.J,20152016,Regular,82,460.57,705,98,91.84,12.77,87.8,7.23,93.88,525,79,68.39,10.29,86.92,9.71,92.41,383,63,49.89,8.21,85.87,13.32,90.48,49.81,4.21,6.49,0.55,92.21,202,13,26.32,1.69,93.95,9.49,94.67,-2.27,103.79,104.16,51,6,6.64,0.78,89.47,59.18,-21
S.J,20162017,Regular,82,425.6,676,93,95.3,13.11,87.91,4.88,94.62,481,76,67.81,10.71,86.36,6.86,93.42,337,58,47.51,8.18,85.32,9.79,91.38,41.69,5.07,5.88,0.71,89.16,154,16,21.71,2.26,90.59,8.67,93.33,0.09,101.17,102,33,5,4.65,0.7,86.84,54.46,-18
STL,20072008,Regular,82,559.67,648,120,69.47,12.86,84.38,6.79,90.83,484,105,51.89,11.26,82.17,9.09,89.52,340,84,36.45,9.01,80.19,12.94,86.9,43.45,7.71,4.66,0.83,84.93,171,31,18.33,3.32,84.65,8.98,92.66,-3.13,99.85,101.63,44,11,4.72,1.18,80,50,-41
STL,20082009,Regular,83,566.87,796,104,84.25,11.01,88.44,7.04,92.31,594,82,62.87,8.68,87.87,9.43,90.24,403,60,42.66,6.35,87.04,13.9,86.67,54.5,5.91,5.77,0.63,90.22,210,22,22.23,2.33,90.52,9.18,92.79,-2.55,100.56,101.97,56,8,5.93,0.85,87.5,52.21,-44
STL,20092010,Regular,82,526.36,821,98,93.59,11.17,89.34,5.97,93.88,595,75,67.82,8.55,88.81,8.24,92,410,58,46.74,6.61,87.61,11.95,89.66,55.07,5.29,6.28,0.6,91.24,200,16,22.8,1.82,92.59,9.25,92.95,-0.95,101.61,102.2,49,6,5.59,0.68,89.09,53.76,-40
STL,20102011,Regular,82,483.34,693,66,86.03,8.19,91.3,6.64,98.48,508,53,63.06,6.58,90.55,9.06,98.11,350,42,43.45,5.21,89.29,13.14,97.62,46.71,3.5,5.8,0.43,93.03,180,11,22.34,1.37,94.24,9.19,93.4,4.72,110.76,102.59,46,1,5.71,0.12,97.87,43.98,-24
STL,20112012,Regular,82,439.71,710,78,96.88,10.64,90.1,5.63,96.15,516,60,70.41,8.19,89.58,7.75,95,345,44,47.08,6,88.69,11.59,93.18,46.81,3.53,6.39,0.48,92.99,167,10,22.79,1.36,94.35,9.07,94.12,0.88,104.78,103.19,40,3,5.46,0.41,93.02,47.86,-36
STL,20122013,Regular,48,261.51,400,45,91.77,10.32,89.89,7,91.11,289,38,66.31,8.72,88.38,9.69,89.47,199,27,45.66,6.19,88.05,14.07,85.19,23.47,2.73,5.39,0.63,89.58,72,9,16.52,2.06,88.89,8.12,92.82,-3.34,99.26,100.94,28,4,6.42,0.92,87.5,48.91,-23
STL,20132014,Regular,82,467.99,706,77,90.51,9.87,90.17,6.94,92.21,492,62,63.08,7.95,88.81,9.96,90.32,347,47,44.49,6.03,88.07,14.12,87.23,41.21,4.49,5.28,0.58,90.17,148,19,18.97,2.44,88.62,8.38,92.75,-2.43,101.36,101.13,49,6,6.28,0.77,89.09,54.88,-34
STL,20142015,Regular,82,424.97,645,87,91.07,12.28,88.11,8.06,94.25,503,72,71.02,10.17,87.48,10.34,93.06,369,54,52.1,7.62,87.23,14.09,90.74,44.45,4.53,6.28,0.64,90.75,156,12,22.03,1.69,92.86,8.84,93.71,-0.65,104.83,102.54,52,5,7.34,0.71,91.23,57.68,-23
STL,20152016,Regular,82,402.98,498,79,74.15,11.76,86.31,10.04,93.67,371,69,55.24,10.27,84.32,13.48,92.75,269,61,40.05,9.08,81.52,18.59,91.8,30.19,5.83,4.49,0.87,83.81,98,23,14.59,3.42,80.99,8.14,91.55,1.2,110.39,99.69,50,5,7.44,0.74,90.91,56.17,-28
STL,20162017,Regular,82,425.9,585,74,82.41,10.42,88.77,7.86,93.24,442,64,62.27,9.02,87.35,10.41,92.19,327,46,46.07,6.48,87.67,14.07,89.13,36.81,4.26,5.19,0.6,89.62,135,16,19.02,2.25,89.4,8.33,93.34,-1.15,103.2,101.67,46,5,6.48,0.7,90.2,54.48,-15
T.B,20072008,Regular,82,486.84,675,110,83.19,13.56,85.99,7.26,94.55,518,89,63.84,10.97,85.34,9.46,93.26,380,66,46.83,8.13,85.2,12.89,90.91,42.25,4.68,5.21,0.58,90.02,152,13,18.73,1.6,92.12,8.16,94.74,-1.48,103.8,102.89,49,6,6.04,0.74,89.09,55.88,-17
T.B,20082009,Regular,83,568.19,763,142,80.57,14.99,84.31,7.21,94.37,616,126,65.05,13.31,83.02,8.93,93.65,449,103,47.41,10.88,81.34,12.25,92.23,55,7.7,5.81,0.81,87.73,218,28,23.02,2.96,88.62,8.93,93.89,-0.24,104.48,102.82,55,8,5.81,0.84,87.3,55.11,-37
T.B,20092010,Regular,82,552.96,796,128,86.37,13.89,86.15,6.66,95.31,625,109,67.82,11.83,85.15,8.48,94.5,442,81,47.96,8.79,84.51,11.99,92.59,52.4,8.86,5.69,0.96,85.53,191,35,20.72,3.8,84.51,8.38,91.87,2.63,104.58,100.25,53,6,5.75,0.65,89.83,53.49,-46
T.B,20102011,Regular,82,547.14,777,162,85.21,17.77,82.75,6.69,91.98,598,134,65.58,14.69,81.69,8.7,90.3,422,98,46.28,10.75,81.15,12.32,86.73,54.7,8.48,6,0.93,86.57,221,30,24.24,3.29,88.05,9.15,93.67,-3.37,99.06,102.82,52,13,5.7,1.43,80,48.42,-22
T.B,20112012,Regular,82,447.73,556,131,74.51,17.56,80.93,6.29,91.6,404,103,54.14,13.8,79.68,8.66,89.32,283,75,37.92,10.05,79.05,12.37,85.33,33.92,5.82,4.55,0.78,85.35,130,16,17.42,2.14,89.04,8.4,94.35,-5.03,97.7,102.74,35,11,4.69,1.47,76.09,47.39,-31
T.B,20122013,Regular,48,281.83,315,57,67.06,12.13,84.68,7.3,92.98,242,42,51.52,8.94,85.21,9.5,90.48,172,34,36.62,7.24,83.5,13.37,88.24,21.29,3.84,4.53,0.82,84.73,71,14,15.12,2.98,83.53,8.8,90.87,-0.39,101.61,99.66,23,4,4.9,0.85,85.19,57.72,-14
T.B,20132014,Regular,82,459.7,556,86,72.57,11.22,86.6,8.09,93.02,431,68,56.25,8.88,86.37,10.44,91.18,300,55,39.16,7.18,84.51,15,89.09,36.62,5.41,4.78,0.71,87.14,147,23,19.19,3,86.47,8.5,92.05,-0.87,104.09,100.55,45,6,5.87,0.78,88.24,52.3,-28
T.B,20142015,Regular,82,479.1,558,85,69.88,10.64,86.78,8.06,92.94,403,74,50.47,9.27,84.49,11.17,91.89,268,56,33.56,7.01,82.72,16.79,89.29,32.47,4.69,4.07,0.59,87.37,104,20,13.02,2.5,83.87,8.06,93.66,-1.77,106.08,101.71,45,6,5.64,0.75,88.24,54.5,-26
T.B,20152016,Regular,82,487.14,657,91,80.92,11.21,87.83,5.33,93.41,490,78,60.35,9.61,86.27,7.14,92.31,337,60,41.51,7.39,84.89,10.39,90,40.37,3.93,4.97,0.48,91.13,148,14,18.23,1.72,91.36,8.24,94.96,-2.65,100.39,103.2,35,6,4.31,0.74,85.37,48.58,-18
T.B,20162017,Regular,82,456.93,672,74,88.24,9.72,90.08,8.33,91.89,507,67,66.57,8.8,88.33,11.05,91.04,368,54,48.32,7.09,87.2,15.22,88.89,43.7,3.87,5.74,0.51,91.86,157,11,20.62,1.44,93.45,8.62,94.22,-3.18,104.11,102.84,56,6,7.35,0.79,90.32,52.71,-19
TOR,20072008,Regular,82,596.21,843,145,84.84,14.59,85.32,6.64,93.79,635,124,63.9,12.48,83.66,8.82,92.74,454,103,45.69,10.37,81.51,12.33,91.26,60.39,6.28,6.08,0.63,90.58,210,21,21.13,2.11,90.91,9.51,94.94,-2.19,103.6,104.45,56,9,5.64,0.91,86.15,55.16,-20
TOR,20082009,Regular,81,531.45,816,98,92.13,11.06,89.28,6.86,92.86,623,89,70.34,10.05,87.5,8.99,92.13,456,71,51.48,8.02,86.53,12.28,90.14,58.56,5.76,6.61,0.65,91.05,213,23,24.05,2.6,90.25,9.4,93.53,-1.39,102.42,102.93,56,7,6.32,0.79,88.89,53.42,-43
TOR,20092010,Regular,82,539.39,775,117,86.21,13.01,86.88,4.26,94.87,549,97,61.07,10.79,84.98,6.01,93.81,382,71,42.49,7.9,84.33,8.64,91.55,44.5,6.62,4.95,0.74,87.05,155,29,17.24,3.23,84.24,8.1,93.18,0.64,100.19,101.28,33,6,3.67,0.67,84.62,52.3,-15
TOR,20102011,Regular,82,551.48,748,127,81.38,13.82,85.49,5.88,93.7,536,106,58.32,11.53,83.49,8.21,92.45,375,83,40.8,9.03,81.88,11.73,90.36,44.28,6.36,4.82,0.69,87.44,155,21,16.86,2.28,88.07,8.26,94,-1.55,102.09,102.26,44,8,4.79,0.87,84.62,52.89,-15
TOR,20112012,Regular,82,438.39,606,94,82.94,12.87,86.57,7.1,94.68,445,88,60.9,12.04,83.49,9.66,94.32,309,68,42.29,9.31,81.96,13.92,92.65,38.06,4.86,5.21,0.66,88.68,137,13,18.75,1.78,91.33,8.55,94.48,-0.16,106.56,103.03,43,5,5.89,0.68,89.58,54.29,-21
TOR,20122013,Regular,48,260.96,343,60,78.86,13.8,85.11,7.58,96.67,249,50,57.25,11.5,83.28,10.44,96,175,40,40.24,9.2,81.4,14.86,95,19.61,2.36,4.51,0.54,89.24,68,7,15.63,1.61,90.67,7.87,95.27,0.73,109.86,103.15,26,2,5.98,0.46,92.86,45.95,-18
TOR,20132014,Regular,83,443.18,649,114,87.86,15.43,85.06,7.09,91.23,474,101,64.17,13.67,82.43,9.7,90.1,358,81,48.47,10.97,81.55,12.85,87.65,42.8,5.77,5.79,0.78,88.13,160,17,21.66,2.3,90.4,9.03,94.29,-4.19,100.5,103.32,46,10,6.23,1.35,82.14,51.42,-32
TOR,20142015,Regular,82,482.9,665,125,82.63,15.53,84.18,5.86,90.4,497,107,61.75,13.29,82.28,7.85,88.79,354,91,43.98,11.31,79.55,11.02,86.81,44.96,6.78,5.59,0.84,86.9,170,21,21.12,2.61,89.01,9.05,93.67,-4.88,97.83,102.71,39,12,4.85,1.49,76.47,49.9,-24
TOR,20152016,Regular,82,455.26,786,79,103.59,10.41,90.87,4.71,91.14,571,64,75.25,8.43,89.92,6.48,89.06,363,50,47.84,6.59,87.89,10.19,86,56.29,3.75,7.42,0.49,93.75,218,11,28.73,1.45,95.2,9.86,94.13,-5.07,96.19,103.99,37,7,4.88,0.92,84.09,57.61,-14
TOR,20162017,Regular,82,409.93,660,104,96.6,15.22,86.39,7.73,94.23,511,90,74.79,13.17,85.02,9.98,93.33,361,72,52.84,10.54,83.37,14.13,91.67,51.26,5.77,7.5,0.84,89.88,199,20,29.13,2.93,90.87,10.03,93.59,-0.25,105.79,103.62,51,6,7.46,0.88,89.47,54.55,-18
VAN,20072008,Regular,83,604.97,794,129,78.75,12.79,86.02,6.8,95.35,629,108,62.38,10.71,85.35,8.59,94.44,464,88,46.02,8.73,84.06,11.64,93.18,55.99,7.39,5.55,0.73,88.35,220,30,21.82,2.98,88,8.9,93.16,1.28,104.82,102.06,54,6,5.36,0.6,90,55.2,-65
VAN,20082009,Regular,81,600.67,896,125,89.5,12.49,87.76,5.92,96,658,103,65.73,10.29,86.47,8.05,95.15,459,76,45.85,7.59,85.79,11.55,93.42,62.17,5.8,6.21,0.58,91.46,248,21,24.77,2.1,92.19,9.45,94.37,0.78,104.97,103.81,53,5,5.29,0.5,91.38,60.31,-56
VAN,20092010,Regular,82,523.81,836,102,95.76,11.68,89.13,6.94,94.12,640,90,73.31,10.31,87.67,9.06,93.33,433,77,49.6,8.82,84.9,13.39,92.21,54.3,6.14,6.22,0.7,89.85,206,21,23.6,2.41,90.75,8.48,93.18,0.15,105.6,101.67,58,6,6.64,0.69,90.62,59.55,-66
VAN,20102011,Regular,82,484.51,804,82,99.56,10.15,90.74,8.58,97.56,585,73,72.44,9.04,88.91,11.79,97.26,416,57,51.52,7.06,87.95,16.59,96.49,51.21,5.08,6.34,0.63,90.98,191,21,23.65,2.6,90.09,8.75,93.04,4.22,113.08,101.8,69,2,8.54,0.25,97.18,58.66,-35
VAN,20112012,Regular,82,465.64,756,81,97.41,10.44,90.32,6.61,95.06,560,68,72.16,8.76,89.17,8.93,94.12,394,60,50.77,7.73,86.78,12.69,93.33,47.44,4.16,6.11,0.54,91.93,176,15,22.68,1.93,92.15,8.47,93.88,0.24,106.02,102.35,50,4,6.44,0.52,92.59,52.94,-44
VAN,20122013,Regular,48,292.9,418,48,85.63,9.83,89.7,5.5,95.83,288,43,59,8.81,87.01,7.99,95.35,196,38,40.15,7.78,83.76,11.73,94.74,23.1,2.37,4.73,0.48,90.71,79,9,16.18,1.84,89.77,8.02,94.5,0.85,106.47,102.52,23,2,4.71,0.41,92,50.74,-17
VAN,20132014,Regular,82,454.47,722,72,95.32,9.51,90.93,4.85,94.44,549,59,72.48,7.79,90.3,6.38,93.22,402,47,53.07,6.21,89.53,8.71,91.49,46.72,4.88,6.17,0.64,90.55,172,20,22.71,2.64,89.58,8.51,91.74,1.48,100.2,100.25,35,4,4.62,0.53,89.74,54.37,-46
VAN,20142015,Regular,82,414.94,589,80,85.17,11.57,88.04,6.79,98.75,437,67,63.19,9.69,86.71,9.15,98.51,313,55,45.26,7.95,85.05,12.78,98.18,39.86,4.13,5.76,0.6,90.61,159,15,22.99,2.17,91.38,9.12,93.84,4.67,110.96,102.96,40,1,5.78,0.14,97.56,47.72,-27
VAN,20152016,Regular,82,438.7,600,93,82.06,12.72,86.58,5,92.47,450,80,61.55,10.94,84.91,6.67,91.25,313,62,42.81,8.48,83.47,9.58,88.71,38.7,5.65,5.29,0.77,87.26,159,22,21.75,3.01,87.85,8.6,92.93,-1.68,98.29,101.53,30,7,4.1,0.96,81.08,50.47,-27
VAN,20162017,Regular,82,423.63,555,77,78.61,10.91,87.82,5.05,94.81,413,67,58.49,9.49,86.04,6.78,94.03,283,59,40.08,8.36,82.75,9.89,93.22,34.68,5.09,4.91,0.72,87.2,137,14,19.4,1.98,90.73,8.4,92.4,1.63,103.11,100.8,28,4,3.97,0.57,87.5,60.46,-9
WPG,20112012,Regular,82,424.26,602,85,85.14,12.02,87.63,6.64,91.76,450,75,63.64,10.61,85.71,8.89,90.67,299,55,42.29,7.78,84.46,13.38,87.27,41.97,5.25,5.94,0.74,88.88,159,21,22.49,2.97,88.33,9.33,93,-2.33,100.65,102.33,40,7,5.66,0.99,85.11,52.54,-31
WPG,20122013,Regular,48,249.45,327,43,78.65,10.34,88.38,5.5,93.02,231,39,55.56,9.38,85.56,7.79,92.31,170,27,40.89,6.49,86.29,10.59,88.89,19.66,2.45,4.73,0.59,88.93,65,6,15.63,1.44,91.55,8.51,93.73,-1.42,99.48,102.24,18,3,4.33,0.72,85.71,50.63,-10
WPG,20132014,Regular,82,448.95,647,80,86.47,10.69,89,5.26,91.25,481,67,64.28,8.95,87.77,7.07,89.55,327,53,43.7,7.08,86.05,10.4,86.79,42.32,4.37,5.66,0.58,90.64,154,16,20.58,2.14,90.59,8.8,93.48,-3.93,97.19,102.28,34,7,4.54,0.94,82.93,50.96,-38
WPG,20142015,Regular,82,453.42,700,99,92.63,13.1,87.61,6.43,97.98,490,84,64.84,11.12,85.37,9.18,97.62,349,65,46.18,8.6,84.3,12.89,96.92,48.37,5.53,6.4,0.73,89.73,196,23,25.94,3.04,89.5,9.87,93.41,4.21,109.82,103.28,45,2,5.95,0.26,95.74,53.09,-29
WPG,20152016,Regular,82,461,622,77,80.95,10.02,88.98,5.95,94.81,456,70,59.35,9.11,86.69,8.11,94.29,320,52,41.65,6.77,86.02,11.56,92.31,40.71,5.02,5.3,0.65,89.02,132,20,17.18,2.6,86.84,8.93,92.83,1.46,103.87,101.75,37,4,4.82,0.52,90.24,49.77,-48
WPG,20162017,Regular,81,442.59,650,103,88.12,13.96,86.32,6,94.17,501,88,67.92,11.93,85.06,7.78,93.18,363,72,49.21,9.76,83.45,10.74,91.67,47.19,5.49,6.4,0.74,89.58,160,18,21.69,2.44,89.89,9.42,93.76,-0.58,102.41,103.18,39,6,5.29,0.81,86.67,50.97,-33
WSH,20072008,Regular,82,554.62,757,101,81.89,10.93,88.23,7.79,94.06,579,89,62.64,9.63,86.68,10.19,93.26,413,64,44.68,6.92,86.58,14.29,90.62,52.82,6.75,5.71,0.73,88.67,197,26,21.31,2.81,88.34,9.12,92.42,0.84,104.91,101.54,59,6,6.38,0.65,90.77,52.41,-35
WSH,20082009,Regular,82,508.18,870,112,102.72,13.22,88.59,8.97,91.96,663,102,78.28,12.04,86.67,11.76,91.18,478,75,56.44,8.86,86.44,16.32,88,61.18,6.95,7.22,0.82,89.8,241,26,28.45,3.07,90.26,9.23,93.19,-2.01,104.32,102.42,78,9,9.21,1.06,89.66,51.34,-32
WSH,20092010,Regular,82,483.17,839,100,104.19,12.42,89.35,8.1,92,633,91,78.61,11.3,87.43,10.74,91.21,419,72,52.03,8.94,85.34,16.23,88.89,63.57,8.07,7.89,1,88.74,284,37,35.27,4.59,88.47,10.04,91.14,0.07,105.12,101.18,68,8,8.44,0.99,89.47,51.89,-2
WSH,20102011,Regular,82,442.82,722,91,97.83,12.33,88.81,5.26,94.51,556,75,75.34,10.16,88.11,6.83,93.33,400,57,54.2,7.72,87.53,9.5,91.23,57.25,5.7,7.76,0.77,90.94,222,27,30.08,3.66,89.16,10.3,92.4,0.93,100.73,102.7,38,5,5.15,0.68,88.37,52.89,-40
WSH,20112012,Regular,82,423.73,594,98,84.11,13.88,85.84,6.06,90.82,442,87,62.59,12.32,83.55,8.14,89.66,305,66,43.19,9.35,82.21,11.8,86.36,36.87,6.74,5.22,0.95,84.54,138,30,19.54,4.25,82.14,8.34,92.25,-2.59,98.17,100.59,36,9,5.1,1.27,80,47.87,-38
WSH,20122013,Regular,48,262.79,387,65,88.36,14.84,85.62,10.59,96.92,293,53,66.9,12.1,84.68,13.99,96.23,200,38,45.66,8.68,84.03,20.5,94.74,27.03,4.41,6.17,1.01,85.97,105,18,23.97,4.11,85.37,9.22,91.68,4.55,115.24,100.9,41,2,9.36,0.46,95.35,50.19,-3
WSH,20132014,Regular,82,457.6,770,105,100.96,13.77,88,8.57,90.48,606,92,79.46,12.06,86.82,10.89,89.13,443,76,58.09,9.97,85.36,14.9,86.84,54.13,6.66,7.1,0.87,89.04,206,24,27.01,3.15,89.57,8.93,92.76,-3.63,101.74,101.69,66,10,8.65,1.31,86.84,53.62,-29
WSH,20142015,Regular,82,380.88,672,88,105.86,13.86,88.42,8.33,96.59,523,79,82.39,12.44,86.88,10.71,96.2,355,66,55.92,10.4,84.32,15.77,95.45,45.2,4.2,7.12,0.66,91.5,165,11,25.99,1.73,93.75,8.64,94.69,1.51,111.23,103.33,56,3,8.82,0.47,94.92,55.48,-33
WSH,20152016,Regular,82,420.19,683,84,97.53,11.99,89.05,7.32,94.05,530,70,75.68,10,88.33,9.43,92.86,362,59,51.69,8.42,85.99,13.81,91.53,48.34,4.23,6.9,0.6,91.95,180,15,25.7,2.14,92.31,9.12,93.96,-1.1,105.34,103.08,50,5,7.14,0.71,90.91,54.83,-18
WSH,20162017,Regular,82,421.77,700,82,99.58,11.67,89.51,7.43,96.34,526,65,74.83,9.25,89,9.89,95.38,353,48,50.22,6.83,88.03,14.73,93.75,47.33,4.82,6.73,0.69,90.75,161,20,22.9,2.85,88.95,9,92.58,2.81,108.48,101.58,52,3,7.4,0.43,94.55,54.63,-28